,GENE_ID,state
0,Rv0156,Depletion
1,Rv0157,Depletion
2,Rv0237,Depletion
3,Rv0315,Depletion
4,Rv0430,Depletion
5,Rv0519c,Depletion
6,Rv0598c,Depletion
7,Rv1547,Depletion
8,Rv1697,Depletion
9,Rv2747,Depletion
10,Rv2928,Depletion
11,Rv3267,Depletion
12,Rv0009,Depletion
13,Rv0053,Depletion
14,Rv0055,Depletion
15,Rv0056,Depletion
16,Rv0057,Depletion
17,Rv0058,Depletion
18,Rv0164,Depletion
19,Rv0170,Depletion
20,Rv0172,Depletion
21,Rv0173,Depletion
22,Rv0220,Depletion
23,Rv0247c,Depletion
24,Rv0248c,Depletion
25,Rv0249c,Depletion
26,Rv0418,Depletion
27,Rv0431,Depletion
28,Rv0462,Depletion
29,Rv0504c,Depletion
30,Rv0599c,Depletion
31,Rv0634A,Depletion
32,Rv0642c,Depletion
33,Rv0685,Depletion
34,Rv0732,Depletion
35,Rv0733,Depletion
36,Rv0831c,Depletion
37,Rv0933,Depletion
38,Rv0934,Depletion
39,Rv0952,Depletion
40,Rv0954,Depletion
41,Rv1078,Depletion
42,Rv1252c,Depletion
43,Rv1698,Depletion
44,Rv1765A,Depletion
45,Rv1815,Depletion
46,Rv1837c,Depletion
47,Rv1884c,Depletion
48,Rv2271,Depletion
49,Rv2276,Depletion
50,Rv2582,Depletion
51,Rv2736c,Depletion
52,Rv2861c,Depletion
53,Rv2929,Depletion
54,Rv2971,Depletion
55,Rv2985,Depletion
56,Rv3119,Depletion
57,Rv3224,Depletion
58,Rv3246c,Depletion
59,Rv3310,Depletion
60,Rv3320c,Depletion
61,Rv3464,Depletion
62,Rv3587c,Depletion
63,Rv3747,Depletion
64,Rv3811,Depletion
65,Rv3841,Depletion
66,Rv3922c,Depletion
67,Rv3923c,Depletion
68,Rv0006,Depletion
69,Rv0054,Depletion
70,Rv0171,Depletion
71,Rv0429c,Depletion
72,Rv0637,Depletion
73,Rv0684,Depletion
74,Rv0722,Depletion
75,Rv0760c,Depletion
76,Rv0866,Depletion
77,Rv0867c,Depletion
78,Rv1133c,Depletion
79,Rv1521,Depletion
80,Rv1612,Depletion
81,Rv1613,Depletion
82,Rv1614,Depletion
83,Rv1708,Depletion
84,Rv2127,Depletion
85,Rv2356c,Depletion
86,Rv2697c,Depletion
87,Rv2778c,Depletion
88,Rv2909c,Depletion
89,Rv2945c,Depletion
90,Rv2948c,Depletion
91,Rv3281,Depletion
92,Rv3457c,Depletion
93,Rv3459c,Depletion
94,Rv3586,Depletion
95,Rv3593,Depletion
96,Rv0718,Depletion
97,Rv2238c,Depletion
98,Rv2816c,Depletion
99,Rv2954c,Depletion
100,Rv3043c,Depletion
101,Rv3319,Depletion
102,Rv3321c,Depletion
103,Rv3377c,Depletion
104,Rv3458c,Depletion
105,Rv3460c,Depletion
106,Rv3723,Depletion
107,Rv2808,Depletion
108,Rv0020c,Depletion
109,Rv2783c,Depletion
110,Rv3028c,Depletion
111,Rv3442c,Depletion
112,Rv3804c,Depletion
113,Rv0761c,Depletion
114,Rv0896,Depletion
115,Rv1211,Depletion
116,Rv1260,Depletion
117,Rv1289,Depletion
118,Rv1883c,Depletion
119,Rv2275,Depletion
120,Rv2442c,Depletion
121,Rv3029c,Depletion
122,Rv3465,Depletion
123,Rv3678A,Depletion
124,Rv0587,Depletion
125,Rv0526,Depletion
126,Rv1070c,Depletion
127,Rv2239c,Depletion
128,Rv2956,Depletion
129,Rv0144,Depletion
130,Rv0300,Depletion
131,Rv0379,Depletion
132,Rv0483,Depletion
133,Rv0509,Depletion
134,Rv0510,Depletion
135,Rv0608,Depletion
136,Rv0640,Depletion
137,Rv0651,Depletion
138,Rv0652,Depletion
139,Rv0653c,Depletion
140,Rv0682,Depletion
141,Rv0683,Depletion
142,Rv0700,Depletion
143,Rv0701,Depletion
144,Rv0702,Depletion
145,Rv0703,Depletion
146,Rv0704,Depletion
147,Rv0705,Depletion
148,Rv0706,Depletion
149,Rv0707,Depletion
150,Rv0708,Depletion
151,Rv0709,Depletion
152,Rv0710,Depletion
153,Rv0715,Depletion
154,Rv0716,Depletion
155,Rv0717,Depletion
156,Rv0719,Depletion
157,Rv0720,Depletion
158,Rv0721,Depletion
159,Rv0723,Depletion
160,Rv0997,Depletion
161,Rv1006,Depletion
162,Rv1201c,Depletion
163,Rv1300,Depletion
164,Rv1301,Depletion
165,Rv1322,Depletion
166,Rv1631,Depletion
167,Rv1684,Depletion
168,Rv1797,Depletion
169,Rv1871c,Depletion
170,Rv1886c,Depletion
171,Rv1932,Depletion
172,Rv2010,Depletion
173,Rv2104c,Depletion
174,Rv2190c,Depletion
175,Rv2375,Depletion
176,Rv2376c,Depletion
177,Rv2441c,Depletion
178,Rv2708c,Depletion
179,Rv2817c,Depletion
180,Rv2902c,Depletion
181,Rv2903c,Depletion
182,Rv2949c,Depletion
183,Rv2950c,Depletion
184,Rv2952,Depletion
185,Rv3455c,Depletion
186,Rv3456c,Depletion
187,Rv3919c,Depletion
188,Rv3920c,Depletion
189,Rv3921c,Depletion
190,Rv3924c,Depletion
191,Rvnt08,Depletion
192,Rv2613c,Depletion
193,Rv2946c,Depletion
194,Rv2947c,Depletion
195,Rv3094c,Depletion
196,Rv0646c,Depletion
197,Rv0669c,Depletion
198,Rv3095,Depletion
199,Rv3282,Depletion
200,Rv3424c,Depletion
201,Rv3425,Depletion
202,Rv3794,Depletion
203,Rv3795,Depletion
204,Rv0240,Depletion
205,Rv0979A,Depletion
206,Rv1387,Depletion
207,Rv1438,Depletion
208,Rv1611,Depletion
209,Rv1856c,Depletion
210,Rv2523c,Depletion
211,Rv2795c,Depletion
212,Rv3147,Depletion
213,Rv3148,Depletion
214,Rv3149,Depletion
215,Rv3150,Depletion
216,Rv3156,Depletion
217,Rv3157,Depletion
218,Rv3158,Depletion
219,Rv3224B,Depletion
220,Rv3805c,Depletion
221,Rv3807c,Depletion
222,Rv3808c,Depletion
223,Rv3858c,Depletion
224,Rv3918c,Depletion
225,Rv0641,Depletion
226,Rv1436,Depletion
227,Rv1437,Depletion
228,Rv2334,Depletion
229,Rv2463,Depletion
230,Rv2464c,Depletion
231,Rv3774,Depletion
232,Rv0196,Depletion
233,Rv0225,Depletion
234,Rv0433,Depletion
235,Rv0554,Depletion
236,Rv0935,Depletion
237,Rv1025,Depletion
238,Rv1098c,Depletion
239,Rv1512,Depletion
240,Rv1751,Depletion
241,Rv1752,Depletion
242,Rv1933c,Depletion
243,Rv2258c,Depletion
244,Rv2992c,Depletion
245,Rv2993c,Depletion
246,Rv3030,Depletion
247,Rv3145,Depletion
248,Rv3146,Depletion
249,Rv0010c,Depletion
250,Rv0013,Depletion
251,Rv0014c,Depletion
252,Rv0016c,Depletion
253,Rv0042c,Depletion
254,Rv0145,Depletion
255,Rv0148,Depletion
256,Rv0158,Depletion
257,Rv0174,Depletion
258,Rv0175,Depletion
259,Rv0177,Depletion
260,Rv0178,Depletion
261,Rv0198c,Depletion
262,Rv0201c,Depletion
263,Rv0236A,Depletion
264,Rv0238,Depletion
265,Rv0239,Depletion
266,Rv0298,Depletion
267,Rv0299,Depletion
268,Rv0301,Depletion
269,Rv0309,Depletion
270,Rv0346c,Depletion
271,Rv0432,Depletion
272,Rv0445c,Depletion
273,Rv0469,Depletion
274,Rv0511,Depletion
275,Rv0543c,Depletion
276,Rv0545c,Depletion
277,Rv0556,Depletion
278,Rv0558,Depletion
279,Rv0559c,Depletion
280,Rv0609,Depletion
281,Rv0632c,Depletion
282,Rv0635,Depletion
283,Rv0636,Depletion
284,Rv0638,Depletion
285,Rv0639,Depletion
286,Rv0659c,Depletion
287,Rv0670,Depletion
288,Rv0693,Depletion
289,Rv0714,Depletion
290,Rv0780,Depletion
291,Rv0781,Depletion
292,Rv0809,Depletion
293,Rv0864,Depletion
294,Rv0871,Depletion
295,Rv0909,Depletion
296,Rv0956,Depletion
297,Rv1009,Depletion
298,Rv1079,Depletion
299,Rv1080c,Depletion
300,Rv1093,Depletion
301,Rv1096,Depletion
302,Rv1097c,Depletion
303,Rv1102c,Depletion
304,Rv1103c,Depletion
305,Rv1132,Depletion
306,Rv1155,Depletion
307,Rv1156,Depletion
308,Rv1264,Depletion
309,Rv1293,Depletion
310,Rv1322A,Depletion
311,Rv1323,Depletion
312,Rv1390,Depletion
313,Rv1416,Depletion
314,Rv1447c,Depletion
315,Rv1483,Depletion
316,Rv1484,Depletion
317,Rv1543,Depletion
318,Rv1545,Depletion
319,Rv1559,Depletion
320,Rv1589,Depletion
321,Rv1617,Depletion
322,Rv1630,Depletion
323,Rv1677,Depletion
324,Rv1703c,Depletion
325,Rv1709,Depletion
326,Rv1710,Depletion
327,Rv1711,Depletion
328,Rv1747,Depletion
329,Rv1828,Depletion
330,Rv1836c,Depletion
331,Rv1872c,Depletion
332,Rv1887,Depletion
333,Rv1888c,Depletion
334,Rv1901,Depletion
335,Rv1924c,Depletion
336,Rv1941,Depletion
337,Rv2068c,Depletion
338,Rv2069,Depletion
339,Rv2097c,Depletion
340,Rv2128,Depletion
341,Rv2129c,Depletion
342,Rv2178c,Depletion
343,Rv2222c,Depletion
344,Rv2240c,Depletion
345,Rv2259,Depletion
346,Rv2290,Depletion
347,Rv2292c,Depletion
348,Rv2391,Depletion
349,Rv2392,Depletion
350,Rv2430c,Depletion
351,Rv2431c,Depletion
352,Rv2462c,Depletion
353,Rv2476c,Depletion
354,Rv2477c,Depletion
355,Rv2537c,Depletion
356,Rv2553c,Depletion
357,Rv2555c,Depletion
358,Rv2556c,Depletion
359,Rv2588c,Depletion
360,Rv2602,Depletion
361,Rv2603c,Depletion
362,Rv2674,Depletion
363,Rv2750,Depletion
364,Rv2782c,Depletion
365,Rv2792c,Depletion
366,Rv2840c,Depletion
367,Rv2876,Depletion
368,Rv2883c,Depletion
369,Rv2888c,Depletion
370,Rv2889c,Depletion
371,Rv2890c,Depletion
372,Rv2901c,Depletion
373,Rv2904c,Depletion
374,Rv2941,Depletion
375,Rv2942,Depletion
376,Rv2951c,Depletion
377,Rv2969c,Depletion
378,Rv3050c,Depletion
379,Rv3075c,Depletion
380,Rv3153,Depletion
381,Rv3155,Depletion
382,Rv3198A,Depletion
383,Rv3204,Depletion
384,Rv3208,Depletion
385,Rv3219,Depletion
386,Rv3220c,Depletion
387,Rv3274c,Depletion
388,Rv3278c,Depletion
389,Rv3280,Depletion
390,Rv3284,Depletion
391,Rv3336c,Depletion
392,Rv3376,Depletion
393,Rv3407,Depletion
394,Rv3408,Depletion
395,Rv3409c,Depletion
396,Rv3443c,Depletion
397,Rv3461c,Depletion
398,Rv3462c,Depletion
399,Rv3489,Depletion
400,Rv3490,Depletion
401,Rv3592,Depletion
402,Rv3628,Depletion
403,Rv3648c,Depletion
404,Rv3651,Depletion
405,Rv3677c,Depletion
406,Rv3678c,Depletion
407,Rv3686c,Depletion
408,Rv3688c,Depletion
409,Rv3722c,Depletion
410,Rv3725,Depletion
411,Rv3769,Depletion
412,Rv3782,Depletion
413,Rv3799c,Depletion
414,Rv3869,Depletion
415,Rv3870,Depletion
416,Rv3871,Depletion
417,Rv3915,Depletion
418,Rvnt11,Depletion
419,Rv0011c,Depletion
420,Rv0227c,Depletion
421,Rv0338c,Depletion
422,Rv0513,Depletion
423,Rv1017c,Depletion
424,Rv1212c,Depletion
425,Rv1451,Depletion
426,Rv1608c,Depletion
427,Rv1863c,Depletion
428,Rv1923,Depletion
429,Rv2586c,Depletion
430,Rv2606c,Depletion
431,Rv3710,Depletion
432,Rv0597c,Depletion
433,Rv2335,Depletion
434,Rv3173c,Depletion
435,Rv0529,Depletion
436,Rv2446c,Depletion
437,Rv2604c,Depletion
438,Rv3151,Depletion
439,Rv3152,Depletion
440,Rv2447c,Depletion
441,Rv2761c,Depletion
442,Rv3154,Depletion
443,Rv0337c,Depletion
444,Rv0197,Depletion
445,Rv3096,Depletion
0,Rv0860,Normoxia
1,Rv1129c,Normoxia
2,Rv1927,Normoxia
3,Rv2189c,Normoxia
4,Rv3741c,Normoxia
5,Rv3770A,Normoxia
6,Rv3770c,Normoxia
7,Rv0385,Normoxia
8,Rv1136,Normoxia
9,Rv1464,Normoxia
10,Rv1465,Normoxia
11,Rv1473A,Normoxia
12,Rv1947,Normoxia
13,Rv3073c,Normoxia
14,Rv3366,Normoxia
15,Rv3906c,Normoxia
16,Rv0448c,Normoxia
17,Rv1466,Normoxia
18,Rv1489A,Normoxia
19,Rv1767,Normoxia
20,Rv2637,Normoxia
21,Rv3322c,Normoxia
22,Rv1031,Normoxia
23,Rv1858,Normoxia
24,Rv3740c,Normoxia
25,Rv0484c,Normoxia
26,Rv0512,Normoxia
27,Rv0514,Normoxia
28,Rv0623,Normoxia
29,Rv1857,Normoxia
30,Rv1870c,Normoxia
31,Rv2009,Normoxia
32,Rv2327,Normoxia
33,Rv3092c,Normoxia
34,Rv3363c,Normoxia
35,Rv0302,Normoxia
36,Rv1944c,Normoxia
37,Rv2046,Normoxia
38,Rv2644c,Normoxia
39,Rv3093c,Normoxia
40,Rv3364c,Normoxia
41,Rv0069c,Normoxia
42,Rv0421c,Normoxia
43,Rv0880,Normoxia
44,Rv2011c,Normoxia
45,Rv2863,Normoxia
46,Rv3911,Normoxia
47,Rv0499,Normoxia
48,Rv1010,Normoxia
49,Rv1485,Normoxia
50,Rv1650,Normoxia
51,Rv1696,Normoxia
52,Rv1713,Normoxia
53,Rv2084,Normoxia
54,Rv2139,Normoxia
55,Rv2261c,Normoxia
56,Rv2273,Normoxia
57,Rv2550c,Normoxia
58,Rv2915c,Normoxia
59,Rv3279c,Normoxia
60,Rv3362c,Normoxia
61,Rv3577,Normoxia
62,Rv3791,Normoxia
63,Rv3793,Normoxia
64,Rv2272,Normoxia
65,Rv3395A,Normoxia
66,Rv0422c,Normoxia
67,Rv2982c,Normoxia
68,Rv3307,Normoxia
69,Rv1408,Normoxia
70,Rv2138,Normoxia
71,Rv2393,Normoxia
72,Rv2601A,Normoxia
73,Rv0624,Normoxia
74,Rv2794c,Normoxia
75,Rv0435c,Normoxia
76,Rv2759c,Normoxia
77,Rv0590,Normoxia
78,Rv0560c,Normoxia
79,Rv0912,Normoxia
80,Rv3123,Normoxia
0,Rv0244c,Resucitation
1,Rv0350,Resucitation
2,Rv0351,Resucitation
3,Rv0352,Resucitation
4,Rv0440,Resucitation
5,Rv1130,Resucitation
6,Rv1131,Resucitation
7,Rv1536,Resucitation
8,Rv1804c,Resucitation
9,Rv2225,Resucitation
10,Rv2226,Resucitation
11,Rv0190,Resucitation
12,Rv0353,Resucitation
13,Rv0574c,Resucitation
14,Rv0847,Resucitation
15,Rv0892,Resucitation
16,Rv0991c,Resucitation
17,Rv1241,Resucitation
18,Rv1349,Resucitation
19,Rv1389,Resucitation
20,Rv1808,Resucitation
21,Rv2044c,Resucitation
22,Rv2329c,Resucitation
23,Rv2381c,Resucitation
24,Rv2382c,Resucitation
25,Rv2383c,Resucitation
26,Rv2428,Resucitation
27,Rv2429,Resucitation
28,Rv2561,Resucitation
29,Rv2699c,Resucitation
30,Rv2710,Resucitation
31,Rv2959c,Resucitation
32,Rv2960c,Resucitation
33,Rv3135,Resucitation
34,Rv3136,Resucitation
35,Rv3524,Resucitation
36,Rv3846,Resucitation
37,Rv3847,Resucitation
38,Rv3848,Resucitation
39,Rv3864,Resucitation
40,Rv3865,Resucitation
41,Rv3875,Resucitation
42,Rv3888c,Resucitation
43,Rv3890c,Resucitation
44,Rv3891c,Resucitation
45,Rv3914,Resucitation
46,Rv0119,Resucitation
47,Rv1348,Resucitation
48,Rv1463,Resucitation
49,Rv1507c,Resucitation
50,Rv1860,Resucitation
51,Rv2050,Resucitation
52,Rv2077A,Resucitation
53,Rv2642,Resucitation
54,Rv2970A,Resucitation
55,Rv3054c,Resucitation
56,Rv3789,Resucitation
57,Rv0118c,Resucitation
58,Rv0264c,Resucitation
59,Rv0287,Resucitation
60,Rv0307c,Resucitation
61,Rv1274,Resucitation
62,Rv1519,Resucitation
63,Rv3874,Resucitation
64,Rv0286,Resucitation
65,Rv1773c,Resucitation
66,Rv1888A,Resucitation
67,Rv2450c,Resucitation
68,Rv3453,Resucitation
69,Rv2185c,Resucitation
70,Rv0516c,Resucitation
71,Rv0749A,Resucitation
72,Rv1015c,Resucitation
73,Rv1144,Resucitation
74,Rv1168c,Resucitation
75,Rv3312A,Resucitation
76,Rv3599c,Resucitation
77,Rv3600c,Resucitation
78,Rv0263c,Resucitation
79,Rv1782,Resucitation
80,Rv2016,Resucitation
81,Rv2380c,Resucitation
82,Rv2666,Resucitation
83,Rv0165c,Resucitation
84,Rv0477,Resucitation
85,Rv0500B,Resucitation
86,Rv0634B,Resucitation
87,Rv0667,Resucitation
88,Rv0668,Resucitation
89,Rv0879c,Resucitation
90,Rv0967,Resucitation
91,Rv0986,Resucitation
92,Rv1037c,Resucitation
93,Rv1171,Resucitation
94,Rv1182,Resucitation
95,Rv1184c,Resucitation
96,Rv1198,Resucitation
97,Rv1200,Resucitation
98,Rv1262c,Resucitation
99,Rv1297,Resucitation
100,Rv1298,Resucitation
101,Rv1299,Resucitation
102,Rv1316c,Resucitation
103,Rv1317c,Resucitation
104,Rv1318c,Resucitation
105,Rv1392,Resucitation
106,Rv1788,Resucitation
107,Rv1793,Resucitation
108,Rv1952,Resucitation
109,Rv2080,Resucitation
110,Rv2122c,Resucitation
111,Rv2172c,Resucitation
112,Rv2206,Resucitation
113,Rv2296,Resucitation
114,Rv2346c,Resucitation
115,Rv2397c,Resucitation
116,Rv2412,Resucitation
117,Rv2413c,Resucitation
118,Rv2440c,Resucitation
119,Rv2838c,Resucitation
120,Rv2930,Resucitation
121,Rv2931,Resucitation
122,Rv2940c,Resucitation
123,Rv2976c,Resucitation
124,Rv2987c,Resucitation
125,Rv3001c,Resucitation
126,Rv3002c,Resucitation
127,Rv3486,Resucitation
128,Rv3487c,Resucitation
129,Rv3601c,Resucitation
130,Rv3619c,Resucitation
131,Rv3646c,Resucitation
132,Rv0283,Resucitation
133,Rv0285,Resucitation
134,Rv0316,Resucitation
135,Rv0341,Resucitation
136,Rv0342,Resucitation
137,Rv1319c,Resucitation
138,Rv1344,Resucitation
139,Rv1347c,Resucitation
140,Rv2053c,Resucitation
141,Rv2542,Resucitation
142,Rv2563,Resucitation
143,Rv2564,Resucitation
144,Rv2932,Resucitation
145,Rv2958c,Resucitation
146,Rv3000,Resucitation
147,Rv3403c,Resucitation
148,Rv3485c,Resucitation
149,Rv3833,Resucitation
150,Rv1248c,Resucitation
151,Rv1343c,Resucitation
152,Rv1783,Resucitation
153,Rv1885c,Resucitation
154,Rv2489c,Resucitation
155,Rv2745c,Resucitation
156,Rv2911,Resucitation
157,Rv3849,Resucitation
158,Rv0112,Resucitation
159,Rv0188,Resucitation
160,Rv0583c,Resucitation
161,Rv0647c,Resucitation
162,Rv0848,Resucitation
163,Rv1057,Resucitation
164,Rv1196,Resucitation
165,Rv1197,Resucitation
166,Rv1361c,Resucitation
167,Rv1532c,Resucitation
168,Rv1792,Resucitation
169,Rv1861,Resucitation
170,Rv1876,Resucitation
171,Rv2115c,Resucitation
172,Rv2347c,Resucitation
173,Rv2404c,Resucitation
174,Rv2466c,Resucitation
175,Rv2584c,Resucitation
176,Rv2694c,Resucitation
177,Rv2706c,Resucitation
178,Rv2933,Resucitation
179,Rv2934,Resucitation
180,Rv2935,Resucitation
181,Rv2939,Resucitation
182,Rv3426,Resucitation
183,Rv3454,Resucitation
184,Rv3803c,Resucitation
185,Rvnt30,Resucitation
186,Rv0835,Resucitation
187,Rv1038c,Resucitation
188,Rv3620c,Resucitation
189,Rv0251c,Resucitation
190,Rv0284,Resucitation
191,Rv2936,Resucitation
192,Rv0846c,Resucitation
193,Rv0968,Resucitation
194,Rv1839c,Resucitation
195,Rv1956,Resucitation
196,Rv1957,Resucitation
197,Rv1958c,Resucitation
198,Rv2938,Resucitation
199,Rv3346c,Resucitation
200,Rv3355c,Resucitation
201,Rv0113,Resucitation
202,Rv0343,Resucitation
203,Rv0485,Resucitation
204,Rv0672,Resucitation
205,Rv0805,Resucitation
206,Rv0851c,Resucitation
207,Rv0922,Resucitation
208,Rv0969,Resucitation
209,Rv1065,Resucitation
210,Rv1066,Resucitation
211,Rv1082,Resucitation
212,Rv1083,Resucitation
213,Rv1194c,Resucitation
214,Rv1342c,Resucitation
215,Rv1381,Resucitation
216,Rv1382,Resucitation
217,Rv1791,Resucitation
218,Rv1875,Resucitation
219,Rv2019,Resucitation
220,Rv2288,Resucitation
221,Rv2358,Resucitation
222,Rv2396,Resucitation
223,Rv2518c,Resucitation
224,Rv3197,Resucitation
225,Rv3825c,Resucitation
226,Rv3879c,Resucitation
227,Rv0140,Resucitation
228,Rv0454,Resucitation
229,Rv0455c,Resucitation
230,Rv0463,Resucitation
231,Rv0464c,Resucitation
232,Rv0467,Resucitation
233,Rv0468,Resucitation
234,Rv0476,Resucitation
235,Rv0479c,Resucitation
236,Rv0501,Resucitation
237,Rv0503c,Resucitation
238,Rv0567,Resucitation
239,Rv0643c,Resucitation
240,Rv0673,Resucitation
241,Rv0815c,Resucitation
242,Rv0948c,Resucitation
243,Rv0983,Resucitation
244,Rv0984,Resucitation
245,Rv0985c,Resucitation
246,Rv1073,Resucitation
247,Rv1109c,Resucitation
248,Rv1110,Resucitation
249,Rv1117,Resucitation
250,Rv1174c,Resucitation
251,Rv1185c,Resucitation
252,Rv1221,Resucitation
253,Rv1321,Resucitation
254,Rv1339,Resucitation
255,Rv1340,Resucitation
256,Rv1360,Resucitation
257,Rv1374c,Resucitation
258,Rv1388,Resucitation
259,Rv1448c,Resucitation
260,Rv1472,Resucitation
261,Rv1489,Resucitation
262,Rv1507A,Resucitation
263,Rv1594,Resucitation
264,Rv1615,Resucitation
265,Rv1794,Resucitation
266,Rv1796,Resucitation
267,Rv1810,Resucitation
268,Rv1826,Resucitation
269,Rv1827,Resucitation
270,Rv1844c,Resucitation
271,Rv1898,Resucitation
272,Rv1980c,Resucitation
273,Rv2060,Resucitation
274,Rv2061c,Resucitation
275,Rv2114,Resucitation
276,Rv2182c,Resucitation
277,Rv2202c,Resucitation
278,Rv2203,Resucitation
279,Rv2220,Resucitation
280,Rv2237,Resucitation
281,Rv2295,Resucitation
282,Rv2443,Resucitation
283,Rv2445c,Resucitation
284,Rv2460c,Resucitation
285,Rv2461c,Resucitation
286,Rv2703,Resucitation
287,Rv2704,Resucitation
288,Rv2711,Resucitation
289,Rv2714,Resucitation
290,Rv2715,Resucitation
291,Rv2744c,Resucitation
292,Rv2784c,Resucitation
293,Rv2785c,Resucitation
294,Rv2839c,Resucitation
295,Rv3003c,Resucitation
296,Rv3006,Resucitation
297,Rv3117,Resucitation
298,Rv3142c,Resucitation
299,Rv3248c,Resucitation
300,Rv3277,Resucitation
301,Rv3478,Resucitation
302,Rv3624c,Resucitation
303,Rv3645,Resucitation
304,Rv3674c,Resucitation
305,Rv3679,Resucitation
306,Rv3683,Resucitation
307,Rv3802c,Resucitation
308,Rv3809c,Resucitation
309,Rv3837c,Resucitation
310,Rv3859c,Resucitation
311,Rv3866,Resucitation
312,Rv3867,Resucitation
313,Rv3868,Resucitation
314,Rv3872,Resucitation
315,Rv3873,Resucitation
316,Rv3880c,Resucitation
317,Rvnt07,Resucitation
318,Rv0245,Resucitation
319,Rv1173,Resucitation
320,Rv1534,Resucitation
321,Rv1720c,Resucitation
322,Rv1780,Resucitation
323,Rv1838c,Resucitation
324,Rv1979c,Resucitation
325,Rv2124c,Resucitation
326,Rv2132,Resucitation
327,Rv2146c,Resucitation
328,Rv3675,Resucitation
329,Rv0743c,Resucitation
330,Rv3238c,Resucitation
331,Rv0001,Resucitation
332,Rv0114,Resucitation
333,Rv0122,Resucitation
334,Rv0125,Resucitation
335,Rv0128,Resucitation
336,Rv0256c,Resucitation
337,Rv0257,Resucitation
338,Rv0361,Resucitation
339,Rv0384c,Resucitation
340,Rv0390,Resucitation
341,Rv0391,Resucitation
342,Rv0644c,Resucitation
343,Rv0713,Resucitation
344,Rv0726c,Resucitation
345,Rv0806c,Resucitation
346,Rv0814c,Resucitation
347,Rv0884c,Resucitation
348,Rv1047,Resucitation
349,Rv1199c,Resucitation
350,Rv1239c,Resucitation
351,Rv1275,Resucitation
352,Rv1345,Resucitation
353,Rv1346,Resucitation
354,Rv1362c,Resucitation
355,Rv1363c,Resucitation
356,Rv1419,Resucitation
357,Rv1467c,Resucitation
358,Rv1470,Resucitation
359,Rv1471,Resucitation
360,Rv1593c,Resucitation
361,Rv1638A,Resucitation
362,Rv1690,Resucitation
363,Rv1814,Resucitation
364,Rv2289,Resucitation
365,Rv2301,Resucitation
366,Rv2302,Resucitation
367,Rv2328,Resucitation
368,Rv2357c,Resucitation
369,Rv2411c,Resucitation
370,Rv2451,Resucitation
371,Rv2512c,Resucitation
372,Rv2595,Resucitation
373,Rv2596,Resucitation
374,Rv2698,Resucitation
375,Rv2707,Resucitation
376,Rv2821c,Resucitation
377,Rv2962c,Resucitation
378,Rv3023c,Resucitation
379,Rv3115,Resucitation
380,Rv3137,Resucitation
381,Rv3194c,Resucitation
382,Rv3196A,Resucitation
383,Rv3197A,Resucitation
384,Rv3311,Resucitation
385,Rv3353c,Resucitation
386,Rv3354,Resucitation
387,Rv3676,Resucitation
388,Rv3824c,Resucitation
389,Rv3831,Resucitation
390,Rv3862c,Resucitation
391,Rv3881c,Resucitation
392,Rv3913,Resucitation
393,Rv0137c,Resucitation
394,Rv0891c,Resucitation
395,Rv1246c,Resucitation
396,Rv1515c,Resucitation
397,Rv1864c,Resucitation
398,Rv2410c,Resucitation
399,Rv2452c,Resucitation
400,Rv2690c,Resucitation
401,Rv2716,Resucitation
402,Rv2937,Resucitation
403,Rv3118,Resucitation
404,Rv3484,Resucitation
405,Rv3818,Resucitation
406,Rv3861,Resucitation
407,Rv3863,Resucitation
408,Rv3876,Resucitation
409,Rv3878,Resucitation
410,Rv3893c,Resucitation
411,Rv3901c,Resucitation
412,Rv0674,Resucitation
413,Rv1247c,Resucitation
414,Rv1473,Resucitation
415,Rv1811,Resucitation
416,Rv2183c,Resucitation
417,Rv2398c,Resucitation
418,Rv2400c,Resucitation
419,Rv2416c,Resucitation
420,Rv0062,Resucitation
421,Rv0126,Resucitation
422,Rv0466,Resucitation
423,Rv1379,Resucitation
424,Rv1380,Resucitation
425,Rv1383,Resucitation
426,Rv2837c,Resucitation
427,Rv3603c,Resucitation
428,Rv3886c,Resucitation
0,Rv0079,S1a
1,Rv0280,S1a
2,Rv0474,S1a
3,Rv0859,S1a
4,Rv1535,S1a
5,Rv1734c,S1a
6,Rv1772,S1a
7,Rv1805c,S1a
8,Rv2107,S1a
9,Rv2737c,S1a
10,Rv2748c,S1a
11,Rv3249c,S1a
12,Rv3250c,S1a
13,Rv3251c,S1a
14,Rv3252c,S1a
15,Rv3260c,S1a
16,Rv3417c,S1a
17,Rv3418c,S1a
18,Rv3854c,S1a
19,Rv0080,S1a
20,Rv0081,S1a
21,Rv0129c,S1a
22,Rv0179c,S1a
23,Rv0288,S1a
24,Rv0500A,S1a
25,Rv0506,S1a
26,Rv0570,S1a
27,Rv0692,S1a
28,Rv0829,S1a
29,Rv0886,S1a
30,Rv0925c,S1a
31,Rv1072,S1a
32,Rv1158c,S1a
33,Rv1477,S1a
34,Rv1626,S1a
35,Rv1733c,S1a
36,Rv1735c,S1a
37,Rv1736c,S1a
38,Rv1737c,S1a
39,Rv1830,S1a
40,Rv1997,S1a
41,Rv2003c,S1a
42,Rv2004c,S1a
43,Rv2028c,S1a
44,Rv2029c,S1a
45,Rv2123,S1a
46,Rv2147c,S1a
47,Rv2350c,S1a
48,Rv2385,S1a
49,Rv2386c,S1a
50,Rv2594c,S1a
51,Rv2986c,S1a
52,Rv3005c,S1a
53,Rv3052c,S1a
54,Rv3131,S1a
55,Rv3597c,S1a
56,Rv3642c,S1a
57,Rv3810,S1a
58,Rv0061c,S1a
59,Rv0694,S1a
60,Rv0883c,S1a
61,Rv1304,S1a
62,Rv1478,S1a
63,Rv1502,S1a
64,Rv2074,S1a
65,Rv2145c,S1a
66,Rv2154c,S1a
67,Rv2256c,S1a
68,Rv2379c,S1a
69,Rv2475c,S1a
70,Rv2661c,S1a
71,Rv2721c,S1a
72,Rv3048c,S1a
73,Rv3209,S1a
74,Rv3402c,S1a
75,Rv3414c,S1a
76,Rv3839,S1a
77,Rv0068,S1a
78,Rv0082,S1a
79,Rv1566c,S1a
80,Rv1799,S1a
81,Rv2660c,S1a
82,Rv2722,S1a
83,Rv3213c,S1a
84,Rv3133c,S1a
85,Rv0088,S1a
86,Rv0289,S1a
87,Rv0290,S1a
88,Rv0951,S1a
89,Rv1233c,S1a
90,Rv2199c,S1a
91,Rv2791c,S1a
92,Rv3132c,S1a
93,Rv3134c,S1a
94,Rv3258c,S1a
95,Rvnt41,S1a
96,Rv0005,S1a
97,Rv0084,S1a
98,Rv0569,S1a
99,Rv0863,S1a
100,Rv0885,S1a
101,Rv2005c,S1a
102,Rv2111c,S1a
103,Rv2927c,S1a
104,Rv3049c,S1a
105,Rv3852,S1a
106,Rv0451c,S1a
107,Rv3742c,S1a
108,Rv1998c,S1a
109,Rv0291,S1a
110,Rv0292,S1a
111,Rv0450c,S1a
112,Rv0787A,S1a
113,Rv0823c,S1a
114,Rv0824c,S1a
115,Rv1043c,S1a
116,Rv1177,S1a
117,Rv1303,S1a
118,Rv1479,S1a
119,Rv1596,S1a
120,Rv1601,S1a
121,Rv1699,S1a
122,Rv1700,S1a
123,Rv2166c,S1a
124,Rv2200c,S1a
125,Rv2244,S1a
126,Rv2245,S1a
127,Rv2246,S1a
128,Rv2247,S1a
129,Rv2377c,S1a
130,Rv2378c,S1a
131,Rv2525c,S1a
132,Rv2882c,S1a
133,Rv2978c,S1a
134,Rv3045,S1a
135,Rv3316,S1a
136,Rv3317,S1a
137,Rv3338,S1a
138,Rv3609c,S1a
139,Rv3709c,S1a
140,Rv1076,S1a
141,Rv1926c,S1a
142,Rv1929c,S1a
143,Rv3477,S1a
144,Rv3581c,S1a
145,Rv0040c,S1a
146,Rv0066c,S1a
147,Rv0282,S1a
148,Rv0312,S1a
149,Rv0527,S1a
150,Rv0677c,S1a
151,Rv1074c,S1a
152,Rv1220c,S1a
153,Rv1245c,S1a
154,Rv1305,S1a
155,Rv1306,S1a
156,Rv1310,S1a
157,Rv1404,S1a
158,Rv1410c,S1a
159,Rv1435c,S1a
160,Rv1497,S1a
161,Rv1595,S1a
162,Rv1769,S1a
163,Rv2144c,S1a
164,Rv2152c,S1a
165,Rv2198c,S1a
166,Rv2243,S1a
167,Rv2280,S1a
168,Rv2348c,S1a
169,Rv2592c,S1a
170,Rv2593c,S1a
171,Rv2842c,S1a
172,Rv2846c,S1a
173,Rv2851c,S1a
174,Rv2852c,S1a
175,Rv2885c,S1a
176,Rv3171c,S1a
177,Rv3212,S1a
178,Rv3241c,S1a
179,Rv3257c,S1a
180,Rv3265c,S1a
181,Rv3268,S1a
182,Rv3413c,S1a
183,Rv3422c,S1a
184,Rv3711c,S1a
185,Rv3763,S1a
186,Rv3800c,S1a
187,Rv3816c,S1a
188,Rv0932c,S1a
189,Rv1257c,S1a
190,Rv1307,S1a
191,Rv1749c,S1a
192,Rv2196,S1a
193,Rv2197c,S1a
194,Rv2215,S1a
195,Rv2216,S1a
196,Rv2351c,S1a
197,Rv2746c,S1a
198,Rv2841c,S1a
199,Rv3606c,S1a
200,Rv3610c,S1a
201,Rv0810c,S1a
202,Rv1337,S1a
203,Rv1433,S1a
204,Rv1444c,S1a
205,Rv1987,S1a
206,Rv1988,S1a
207,Rv2108,S1a
208,Rv2187,S1a
209,Rv2457c,S1a
210,Rv2662,S1a
211,Rv3206c,S1a
212,Rv3229c,S1a
213,Rv3429,S1a
214,Rv1501,S1a
215,Rv0241c,S1a
216,Rv0242c,S1a
217,Rv0243,S1a
218,Rv1386,S1a
219,Rv3855,S1a
220,Rv0822c,S1a
221,Rv1605,S1a
222,Rv0048c,S1a
223,Rv0147,S1a
224,Rv0206c,S1a
225,Rv0207c,S1a
226,Rv0250c,S1a
227,Rv0281,S1a
228,Rv0313,S1a
229,Rv0423c,S1a
230,Rv0424c,S1a
231,Rv0426c,S1a
232,Rv0460,S1a
233,Rv0470c,S1a
234,Rv0490,S1a
235,Rv0655,S1a
236,Rv0724,S1a
237,Rv0870c,S1a
238,Rv0898c,S1a
239,Rv0930,S1a
240,Rv0931c,S1a
241,Rv1094,S1a
242,Rv1095,S1a
243,Rv1178,S1a
244,Rv1222,S1a
245,Rv1223,S1a
246,Rv1253,S1a
247,Rv1265,S1a
248,Rv1308,S1a
249,Rv1309,S1a
250,Rv1324,S1a
251,Rv1331,S1a
252,Rv1334,S1a
253,Rv1335,S1a
254,Rv1336,S1a
255,Rv1411c,S1a
256,Rv1415,S1a
257,Rv1449c,S1a
258,Rv1481,S1a
259,Rv1676,S1a
260,Rv1712,S1a
261,Rv1821,S1a
262,Rv1846c,S1a
263,Rv1869c,S1a
264,Rv1906c,S1a
265,Rv1925,S1a
266,Rv1946c,S1a
267,Rv2091c,S1a
268,Rv2109c,S1a
269,Rv2110c,S1a
270,Rv2193,S1a
271,Rv2194,S1a
272,Rv2195,S1a
273,Rv2224c,S1a
274,Rv2291,S1a
275,Rv2444c,S1a
276,Rv2532c,S1a
277,Rv2534c,S1a
278,Rv2576c,S1a
279,Rv2581c,S1a
280,Rv2656c,S1a
281,Rv2753c,S1a
282,Rv2764c,S1a
283,Rv2867c,S1a
284,Rv2868c,S1a
285,Rv2970c,S1a
286,Rv2990c,S1a
287,Rv3038c,S1a
288,Rv3046c,S1a
289,Rv3139,S1a
290,Rv3140,S1a
291,Rv3207c,S1a
292,Rv3221A,S1a
293,Rv3223c,S1a
294,Rv3273,S1a
295,Rv3283,S1a
296,Rv3285,S1a
297,Rv3295,S1a
298,Rv3420c,S1a
299,Rv3519,S1a
300,Rv3520c,S1a
301,Rv3584,S1a
302,Rv3596c,S1a
303,Rv3682,S1a
304,Rv3717,S1a
305,Rv3755c,S1a
306,Rv3853,S1a
307,Rv3857c,S1a
308,Rv0157A,S1a
309,Rv0383c,S1a
310,Rv1224,S1a
311,Rv1332,S1a
312,Rv2587c,S1a
313,Rv3205c,S1a
314,Rv0525,S1a
315,Rv0528,S1a
316,Rv0676c,S1a
317,Rv1179c,S1a
318,Rv1679,S1a
319,Rv3756c,S1a
320,Rv3758c,S1a
321,Rv0524,S1a
322,Rv0690c,S1a
323,Rv2609c,S1a
324,Rv2829c,S1a
325,Rv1434,S1a
326,Rv2248,S1a
327,Rv2725c,S1a
0,Rv0047c,S1b
1,Rv0232,S1b
2,Rv0252,S1b
3,Rv0260c,S1b
4,Rv0586,S1b
5,Rv0755A,S1b
6,Rv1623c,S1b
7,Rv1806,S1b
8,Rv1807,S1b
9,Rv1813c,S1b
10,Rv1904,S1b
11,Rv1996,S1b
12,Rv2031c,S1b
13,Rv2159c,S1b
14,Rv2160A,S1b
15,Rv2160c,S1b
16,Rv2590,S1b
17,Rv2626c,S1b
18,Rv2633c,S1b
19,Rv3083,S1b
20,Rv3084,S1b
21,Rv3085,S1b
22,Rv3086,S1b
23,Rv3087,S1b
24,Rv3088,S1b
25,Rv3089,S1b
26,Rv3126c,S1b
27,Rv3127,S1b
28,Rv3130c,S1b
29,Rv3269,S1b
30,Rv3406,S1b
31,Rv3614c,S1b
32,Rv3615c,S1b
33,Rv3616c,S1b
34,Rv0186,S1b
35,Rv0254c,S1b
36,Rv0578c,S1b
37,Rv0841,S1b
38,Rv0972c,S1b
39,Rv1365c,S1b
40,Rv1462,S1b
41,Rv1542c,S1b
42,Rv1583c,S1b
43,Rv1619,S1b
44,Rv1620c,S1b
45,Rv1621c,S1b
46,Rv1652,S1b
47,Rv1738,S1b
48,Rv1994c,S1b
49,Rv2030c,S1b
50,Rv2150c,S1b
51,Rv2527,S1b
52,Rv2558,S1b
53,Rv2623,S1b
54,Rv2624c,S1b
55,Rv2625c,S1b
56,Rv2627c,S1b
57,Rv2641,S1b
58,Rv2719c,S1b
59,Rv2735c,S1b
60,Rv2979c,S1b
61,Rv3051c,S1b
62,Rv3053c,S1b
63,Rv3128c,S1b
64,Rv3270,S1b
65,Rv3289c,S1b
66,Rv3371,S1b
67,Rv3662c,S1b
68,Rv3842c,S1b
69,Rv1218c,S1b
70,Rv1585c,S1b
71,Rv1641,S1b
72,Rv2007c,S1b
73,Rv2163c,S1b
74,Rv2369c,S1b
75,Rv3230c,S1b
76,Rv3572,S1b
77,Rv0100,S1b
78,Rv1169c,S1b
79,Rv1962c,S1b
80,Rv1461,S1b
81,Rv1909c,S1b
82,Rv2006,S1b
83,Rv2032,S1b
84,Rv2034,S1b
85,Rv3129,S1b
86,Rv0572c,S1b
87,Rv0996,S1b
88,Rv1286,S1b
89,Rv1359,S1b
90,Rv1739c,S1b
91,Rv2628,S1b
92,Rv2629,S1b
93,Rv3612c,S1b
94,Rv0834c,S1b
95,Rv0872c,S1b
96,Rv1993c,S1b
97,Rv3405c,S1b
98,Rv2630,S1b
99,Rv1592c,S1b
100,Rv1812c,S1b
101,Rv3271c,S1b
102,Rv0411c,S1b
103,Rv1397c,S1b
104,Rv1398c,S1b
105,Rv1644,S1b
106,Rv1657,S1b
107,Rv1995,S1b
108,Rv2077c,S1b
109,Rv2331,S1b
110,Rv2338c,S1b
111,Rv2658c,S1b
112,Rv2964,S1b
113,Rv2988c,S1b
114,Rv3535c,S1b
115,Rvnt09,S1b
116,Rvnt42,S1b
117,Rv0253,S1b
118,Rv0410c,S1b
119,Rv0412c,S1b
120,Rv0887c,S1b
121,Rv1013,S1b
122,Rv1277,S1b
123,Rv1284,S1b
124,Rv1602,S1b
125,Rv1854c,S1b
126,Rv2035,S1b
127,Rv2162c,S1b
128,Rv2164c,S1b
129,Rv2165c,S1b
130,Rv2455c,S1b
131,Rv2497c,S1b
132,Rv2524c,S1b
133,Rv2540c,S1b
134,Rv2631,S1b
135,Rv2729c,S1b
136,Rv2777c,S1b
137,Rv3211,S1b
138,Rv3342,S1b
139,Rv3411c,S1b
140,Rv3843c,S1b
141,Rvnt44,S1b
142,Rv0875c,S1b
143,Rv0903c,S1b
144,Rv1622c,S1b
145,Rv1636,S1b
146,Rv1645c,S1b
147,Rv2496c,S1b
148,Rv3244c,S1b
149,Rv0046c,S1b
150,Rv0108c,S1b
151,Rv0274,S1b
152,Rv0276,S1b
153,Rv0475,S1b
154,Rv0596c,S1b
155,Rv0711,S1b
156,Rv0750,S1b
157,Rv0821c,S1b
158,Rv1195,S1b
159,Rv1356c,S1b
160,Rv1490,S1b
161,Rv1577c,S1b
162,Rv1584c,S1b
163,Rv1624c,S1b
164,Rv1990c,S1b
165,Rv2020c,S1b
166,Rv2021c,S1b
167,Rv2022c,S1b
168,Rv2137c,S1b
169,Rv2161c,S1b
170,Rv2255c,S1b
171,Rv2336,S1b
172,Rv2516c,S1b
173,Rv2517c,S1b
174,Rv2557,S1b
175,Rv2632c,S1b
176,Rv2651c,S1b
177,Rv2657c,S1b
178,Rv2663,S1b
179,Rv2720,S1b
180,Rv2963,S1b
181,Rv3160c,S1b
182,Rv3161c,S1b
183,Rv3182,S1b
184,Rv3288c,S1b
185,Rv3290c,S1b
186,Rv3390,S1b
187,Rv3416,S1b
188,Rv3549c,S1b
189,Rv3550,S1b
190,Rv3557c,S1b
191,Rv3633,S1b
192,Rvnt04,S1b
193,Rvnt06,S1b
194,Rvnt15,S1b
195,Rvnt28,S1b
196,Rvnt29,S1b
197,Rvnt37,S1b
198,Rv1653,S1b
199,Rv1654,S1b
200,Rv1655,S1b
201,Rv1656,S1b
202,Rv3551,S1b
203,Rv0064,S1b
204,Rv0340,S1b
205,Rv0827c,S1b
206,Rv0849,S1b
207,Rv1048c,S1b
208,Rv1576c,S1b
209,Rv1954c,S1b
210,Rv1955,S1b
211,Rv1992c,S1b
212,Rv2252,S1b
213,Rv2664,S1b
214,Rv2780,S1b
215,Rv3047c,S1b
216,Rv3124,S1b
217,Rv3410c,S1b
218,Rv0065,S1b
219,Rv0850,S1b
220,Rv1192,S1b
221,Rv1658,S1b
222,Rv1706A,S1b
223,Rv1989c,S1b
224,Rv2330c,S1b
225,Rv2483c,S1b
226,Rv2495c,S1b
227,Rv2659c,S1b
228,Rv2781c,S1b
229,Rv3098c,S1b
230,Rv3291c,S1b
231,Rv3334,S1b
232,Rv3534c,S1b
233,Rv3536c,S1b
234,Rv3613c,S1b
235,Rvns02,S1b
236,Rv0211,S1b
237,Rv0328,S1b
238,Rv0491,S1b
239,Rv0577,S1b
240,Rv0839,S1b
241,Rv0840c,S1b
242,Rv1161,S1b
243,Rv1219c,S1b
244,Rv1285,S1b
245,Rv1599,S1b
246,Rv1600,S1b
247,Rv1603,S1b
248,Rv1604,S1b
249,Rv1606,S1b
250,Rv1642,S1b
251,Rv1643,S1b
252,Rv1659,S1b
253,Rv1832,S1b
254,Rv1986,S1b
255,Rv2027c,S1b
256,Rv2148c,S1b
257,Rv2149c,S1b
258,Rv2156c,S1b
259,Rv2157c,S1b
260,Rv2158c,S1b
261,Rv2359,S1b
262,Rv2482c,S1b
263,Rv2484c,S1b
264,Rv2494,S1b
265,Rv2499c,S1b
266,Rv2500c,S1b
267,Rv2501c,S1b
268,Rv2503c,S1b
269,Rv2539c,S1b
270,Rv2776c,S1b
271,Rv2779c,S1b
272,Rv3245c,S1b
273,Rv3287c,S1b
274,Rv3340,S1b
275,Rv3341,S1b
276,Rv3626c,S1b
277,Rv3801c,S1b
278,Rv3822,S1b
279,Rvns01,S1b
280,Rvnt38,S1b
281,Rv0116c,S1b
282,Rv0135c,S1b
283,Rv0229c,S1b
284,Rv0268c,S1b
285,Rv0270,S1b
286,Rv0502,S1b
287,Rv0611c,S1b
288,Rv0660c,S1b
289,Rv0865,S1b
290,Rv0981,S1b
291,Rv1046c,S1b
292,Rv1162,S1b
293,Rv1216c,S1b
294,Rv1443c,S1b
295,Rv1831,S1b
296,Rv2094c,S1b
297,Rv2134c,S1b
298,Rv2204c,S1b
299,Rv2368c,S1b
300,Rv2454c,S1b
301,Rv2926c,S1b
302,Rv3412,S1b
303,Rv3491,S1b
304,Rv3582c,S1b
305,Rv3583c,S1b
306,Rv3680,S1b
307,Rv3750c,S1b
308,Rvnt23,S1b
309,Rvnt45,S1b
310,Rv2472,S1b
311,Rv2879c,S1b
312,Rv2307A,S1b
313,Rv0854,S1b
314,Rv3552,S1b
315,Rv3734c,S1b
316,Rv2498c,S1b
317,Rv2502c,S1b
318,Rv2650c,S1b
319,Rv1044,S1b
0,Rv2645,S2
1,Rv0022c,S2
2,Rv0083,S2
3,Rv0085,S2
4,Rv0086,S2
5,Rv0090,S2
6,Rv0096,S2
7,Rv0105c,S2
8,Rv0109,S2
9,Rv0124,S2
10,Rv0160c,S2
11,Rv0194,S2
12,Rv0209,S2
13,Rv0210,S2
14,Rv0255c,S2
15,Rv0259c,S2
16,Rv0261c,S2
17,Rv0278c,S2
18,Rv0322,S2
19,Rv0324,S2
20,Rv0335c,S2
21,Rv0358,S2
22,Rv0367c,S2
23,Rv0368c,S2
24,Rv0369c,S2
25,Rv0371c,S2
26,Rv0372c,S2
27,Rv0373c,S2
28,Rv0375c,S2
29,Rv0376c,S2
30,Rv0378,S2
31,Rv0395,S2
32,Rv0401,S2
33,Rv0403c,S2
34,Rv0414c,S2
35,Rv0449c,S2
36,Rv0453,S2
37,Rv0470A,S2
38,Rv0492c,S2
39,Rv0493c,S2
40,Rv0494,S2
41,Rv0540,S2
42,Rv0553,S2
43,Rv0571c,S2
44,Rv0573c,S2
45,Rv0575c,S2
46,Rv0591,S2
47,Rv0600c,S2
48,Rv0601c,S2
49,Rv0602c,S2
50,Rv0603,S2
51,Rv0618,S2
52,Rv0619,S2
53,Rv0620,S2
54,Rv0621,S2
55,Rv0625c,S2
56,Rv0629c,S2
57,Rv0630c,S2
58,Rv0631c,S2
59,Rv0648,S2
60,Rv0649,S2
61,Rv0650,S2
62,Rv0661c,S2
63,Rv0662c,S2
64,Rv0689c,S2
65,Rv0697,S2
66,Rv0728c,S2
67,Rv0736,S2
68,Rv0738,S2
69,Rv0742,S2
70,Rv0745,S2
71,Rv0751c,S2
72,Rv0752c,S2
73,Rv0754,S2
74,Rv0793,S2
75,Rv0807,S2
76,Rv0826,S2
77,Rv0828c,S2
78,Rv0836c,S2
79,Rv0855,S2
80,Rv0862c,S2
81,Rv0895,S2
82,Rv0915c,S2
83,Rv0943c,S2
84,Rv0971c,S2
85,Rv0973c,S2
86,Rv0974c,S2
87,Rv0975c,S2
88,Rv0976c,S2
89,Rv1028c,S2
90,Rv1034c,S2
91,Rv1035c,S2
92,Rv1039c,S2
93,Rv1040c,S2
94,Rv1050,S2
95,Rv1051c,S2
96,Rv1062,S2
97,Rv1063c,S2
98,Rv1064c,S2
99,Rv1067c,S2
100,Rv1088,S2
101,Rv1089,S2
102,Rv1137c,S2
103,Rv1187,S2
104,Rv1188,S2
105,Rv1189,S2
106,Rv1190,S2
107,Rv1217c,S2
108,Rv1226c,S2
109,Rv1227c,S2
110,Rv1243c,S2
111,Rv1259,S2
112,Rv1268c,S2
113,Rv1291c,S2
114,Rv1370c,S2
115,Rv1371,S2
116,Rv1396c,S2
117,Rv1402,S2
118,Rv1429,S2
119,Rv1432,S2
120,Rv1450c,S2
121,Rv1452c,S2
122,Rv1460,S2
123,Rv1492,S2
124,Rv1518,S2
125,Rv1530,S2
126,Rv1537,S2
127,Rv1550,S2
128,Rv1551,S2
129,Rv1552,S2
130,Rv1553,S2
131,Rv1555,S2
132,Rv1563c,S2
133,Rv1573,S2
134,Rv1578c,S2
135,Rv1661,S2
136,Rv1662,S2
137,Rv1670,S2
138,Rv1675c,S2
139,Rv1688,S2
140,Rv1706c,S2
141,Rv1714,S2
142,Rv1715,S2
143,Rv1717,S2
144,Rv1719,S2
145,Rv1721c,S2
146,Rv1723,S2
147,Rv1725c,S2
148,Rv1726,S2
149,Rv1757c,S2
150,Rv1758,S2
151,Rv1759c,S2
152,Rv1763,S2
153,Rv1790,S2
154,Rv1801,S2
155,Rv1802,S2
156,Rv1803c,S2
157,Rv1834,S2
158,Rv1840c,S2
159,Rv1845c,S2
160,Rv1873,S2
161,Rv1930c,S2
162,Rv1931c,S2
163,Rv1934c,S2
164,Rv1935c,S2
165,Rv1936,S2
166,Rv1938,S2
167,Rv1939,S2
168,Rv1940,S2
169,Rv1964,S2
170,Rv1965,S2
171,Rv1966,S2
172,Rv1967,S2
173,Rv1968,S2
174,Rv1969,S2
175,Rv1970,S2
176,Rv1971,S2
177,Rv1972,S2
178,Rv1973,S2
179,Rv1974,S2
180,Rv1999c,S2
181,Rv2013,S2
182,Rv2064,S2
183,Rv2072c,S2
184,Rv2073c,S2
185,Rv2089c,S2
186,Rv2098c,S2
187,Rv2135c,S2
188,Rv2168c,S2
189,Rv2208,S2
190,Rv2249c,S2
191,Rv2262c,S2
192,Rv2263,S2
193,Rv2264c,S2
194,Rv2283,S2
195,Rv2306A,S2
196,Rv2309A,S2
197,Rv2310,S2
198,Rv2316,S2
199,Rv2317,S2
200,Rv2318,S2
201,Rv2371,S2
202,Rv2384,S2
203,Rv2407,S2
204,Rv2414c,S2
205,Rv2415c,S2
206,Rv2422,S2
207,Rv2439c,S2
208,Rv2458,S2
209,Rv2480c,S2
210,Rv2481c,S2
211,Rv2485c,S2
212,Rv2486,S2
213,Rv2487c,S2
214,Rv2488c,S2
215,Rv2490c,S2
216,Rv2515c,S2
217,Rv2529,S2
218,Rv2545,S2
219,Rv2546,S2
220,Rv2551c,S2
221,Rv2570,S2
222,Rv2573,S2
223,Rv2598,S2
224,Rv2601,S2
225,Rv2622,S2
226,Rv2634c,S2
227,Rv2638,S2
228,Rv2653c,S2
229,Rv2654c,S2
230,Rv2667,S2
231,Rv2668,S2
232,Rv2695,S2
233,Rv2727c,S2
234,Rv2728c,S2
235,Rv2734,S2
236,Rv2760c,S2
237,Rv2769c,S2
238,Rv2797c,S2
239,Rv2802c,S2
240,Rv2804c,S2
241,Rv2811,S2
242,Rv2812,S2
243,Rv2813,S2
244,Rv2815c,S2
245,Rv2825c,S2
246,Rv2828c,S2
247,Rv2833c,S2
248,Rv2862c,S2
249,Rv2891,S2
250,Rv2892c,S2
251,Rv2893,S2
252,Rv2897c,S2
253,Rv2922A,S2
254,Rv3015c,S2
255,Rv3018A,S2
256,Rv3018c,S2
257,Rv3021c,S2
258,Rv3022A,S2
259,Rv3022c,S2
260,Rv3026c,S2
261,Rv3037c,S2
262,Rv3066,S2
263,Rv3080c,S2
264,Rv3082c,S2
265,Rv3162c,S2
266,Rv3163c,S2
267,Rv3167c,S2
268,Rv3178,S2
269,Rv3180c,S2
270,Rv3181c,S2
271,Rv3195,S2
272,Rv3203,S2
273,Rv3239c,S2
274,Rv3242c,S2
275,Rv3315c,S2
276,Rv3332,S2
277,Rv3333c,S2
278,Rv3344c,S2
279,Rv3345c,S2
280,Rv3349c,S2
281,Rv3351c,S2
282,Rv3352c,S2
283,Rv3359,S2
284,Rv3370c,S2
285,Rv3381c,S2
286,Rv3391,S2
287,Rv3394c,S2
288,Rv3415c,S2
289,Rv3428c,S2
290,Rv3433c,S2
291,Rv3444c,S2
292,Rv3446c,S2
293,Rv3447c,S2
294,Rv3448,S2
295,Rv3449,S2
296,Rv3450c,S2
297,Rv3468c,S2
298,Rv3470c,S2
299,Rv3471c,S2
300,Rv3473c,S2
301,Rv3504,S2
302,Rv3505,S2
303,Rv3506,S2
304,Rv3513c,S2
305,Rv3529c,S2
306,Rv3532,S2
307,Rv3546,S2
308,Rv3563,S2
309,Rv3573c,S2
310,Rv3590c,S2
311,Rv3591c,S2
312,Rv3611,S2
313,Rv3622c,S2
314,Rv3625c,S2
315,Rv3637,S2
316,Rv3638,S2
317,Rv3639c,S2
318,Rv3640c,S2
319,Rv3649,S2
320,Rv3653,S2
321,Rv3654c,S2
322,Rv3657c,S2
323,Rv3658c,S2
324,Rv3659c,S2
325,Rv3660c,S2
326,Rv3703c,S2
327,Rv3728,S2
328,Rv3743c,S2
329,Rv3746c,S2
330,Rv3752c,S2
331,Rv3787c,S2
332,Rv3797,S2
333,Rv3830c,S2
334,Rv3892c,S2
335,Rv3904c,S2
336,Rvnt22,S2
337,Rv0034,S2
338,Rv0077c,S2
339,Rv0094c,S2
340,Rv0095c,S2
341,Rv0132c,S2
342,Rv0136,S2
343,Rv0219,S2
344,Rv0266c,S2
345,Rv0269c,S2
346,Rv0306,S2
347,Rv0311,S2
348,Rv0330c,S2
349,Rv0360c,S2
350,Rv0370c,S2
351,Rv0374c,S2
352,Rv0377,S2
353,Rv0389,S2
354,Rv0417,S2
355,Rv0492A,S2
356,Rv0584,S2
357,Rv0592,S2
358,Rv0614,S2
359,Rv0622,S2
360,Rv0737,S2
361,Rv0765c,S2
362,Rv0794c,S2
363,Rv0795,S2
364,Rv0837c,S2
365,Rv0843,S2
366,Rv0953c,S2
367,Rv0988,S2
368,Rv1005c,S2
369,Rv1049,S2
370,Rv1124,S2
371,Rv1128c,S2
372,Rv1138c,S2
373,Rv1204c,S2
374,Rv1263,S2
375,Rv1267c,S2
376,Rv1329c,S2
377,Rv1358,S2
378,Rv1395,S2
379,Rv1482c,S2
380,Rv1528c,S2
381,Rv1549,S2
382,Rv1554,S2
383,Rv1669,S2
384,Rv1673c,S2
385,Rv1674c,S2
386,Rv1705c,S2
387,Rv1851,S2
388,Rv1867,S2
389,Rv1868,S2
390,Rv1951c,S2
391,Rv1975,S2
392,Rv2099c,S2
393,Rv2105,S2
394,Rv2191,S2
395,Rv2250c,S2
396,Rv2265,S2
397,Rv2269c,S2
398,Rv2270,S2
399,Rv2278,S2
400,Rv2304c,S2
401,Rv2319c,S2
402,Rv2341,S2
403,Rv2354,S2
404,Rv2505c,S2
405,Rv2506,S2
406,Rv2578c,S2
407,Rv2614A,S2
408,Rv2639c,S2
409,Rv2648,S2
410,Rv2652c,S2
411,Rv2689c,S2
412,Rv2765,S2
413,Rv2809,S2
414,Rv2826c,S2
415,Rv2834c,S2
416,Rv2918c,S2
417,Rv2943,S2
418,Rv2961,S2
419,Rv2997,S2
420,Rv3055,S2
421,Rv3165c,S2
422,Rv3170,S2
423,Rv3175,S2
424,Rv3184,S2
425,Rv3186,S2
426,Rv3192,S2
427,Rv3201c,S2
428,Rv3325,S2
429,Rv3368c,S2
430,Rv3379c,S2
431,Rv3382c,S2
432,Rv3386,S2
433,Rv3467,S2
434,Rv3474,S2
435,Rv3502c,S2
436,Rv3538,S2
437,Rv3541c,S2
438,Rv3571,S2
439,Rv3636,S2
440,Rv3643,S2
441,Rv3650,S2
442,Rv3655c,S2
443,Rv3656c,S2
444,Rv3731,S2
445,Rv3751,S2
446,Rv3771c,S2
447,Rv3895c,S2
448,Rv3905c,S2
449,Rv3912,S2
450,Rvnt05,S2
451,Rvnt18,S2
452,Rvnt20,S2
453,Rv0106,S2
454,Rv0161,S2
455,Rv0327c,S2
456,Rv0331,S2
457,Rv0387c,S2
458,Rv0388c,S2
459,Rv0456c,S2
460,Rv0729,S2
461,Rv0767c,S2
462,Rv0768,S2
463,Rv0800,S2
464,Rv0916c,S2
465,Rv0979c,S2
466,Rv1134,S2
467,Rv1135A,S2
468,Rv1146,S2
469,Rv1151c,S2
470,Rv1330c,S2
471,Rv1663,S2
472,Rv1667c,S2
473,Rv1668c,S2
474,Rv1937,S2
475,Rv2012,S2
476,Rv2170,S2
477,Rv2320c,S2
478,Rv2321c,S2
479,Rv2322c,S2
480,Rv2370c,S2
481,Rv2566,S2
482,Rv2643,S2
483,Rv2824c,S2
484,Rv2898c,S2
485,Rv3065,S2
486,Rv3107c,S2
487,Rv3109,S2
488,Rv3166c,S2
489,Rv3174,S2
490,Rv3202c,S2
491,Rv3296,S2
492,Rv3395c,S2
493,Rv3469c,S2
494,Rv3530c,S2
495,Rv3565,S2
496,Rv3618,S2
497,Rv3851,S2
498,Rv3903c,S2
499,Rvnt32,S2
500,Rvnt43,S2
501,Rv0195,S2
502,Rv0303,S2
503,Rv0456A,S2
504,Rv0521,S2
505,Rv0658c,S2
506,Rv0696,S2
507,Rv0699,S2
508,Rv0770,S2
509,Rv0771,S2
510,Rv0833,S2
511,Rv1394c,S2
512,Rv1455,S2
513,Rv1664,S2
514,Rv1681,S2
515,Rv1687c,S2
516,Rv1949c,S2
517,Rv2250A,S2
518,Rv2251,S2
519,Rv2311,S2
520,Rv2424c,S2
521,Rv2492,S2
522,Rv2807,S2
523,Rv3112,S2
524,Rv3114,S2
525,Rv3445c,S2
526,Rv3508,S2
527,Rv3540c,S2
528,Rv3698,S2
529,Rv3745c,S2
530,Rv0318c,S2
531,Rv0535,S2
532,Rv0566c,S2
533,Rv0594,S2
534,Rv0858c,S2
535,Rv0959,S2
536,Rv1027c,S2
537,Rv1186c,S2
538,Rv1407,S2
539,Rv1414,S2
540,Rv1571,S2
541,Rv1787,S2
542,Rv2071c,S2
543,Rv2571c,S2
544,Rv2805,S2
545,Rv2924c,S2
546,Rv3110,S2
547,Rv3235,S2
548,Rv3432c,S2
549,Rv3564,S2
550,Rv3768,S2
551,Rv3817,S2
552,Rvnt02,S2
553,Rv0279c,S2
554,Rv0297,S2
555,Rv0481c,S2
556,Rv0531,S2
557,Rv0532,S2
558,Rv0746,S2
559,Rv0747,S2
560,Rv0832,S2
561,Rv1004c,S2
562,Rv1087,S2
563,Rv1091,S2
564,Rv1325c,S2
565,Rv1441c,S2
566,Rv1768,S2
567,Rv1818c,S2
568,Rv2033c,S2
569,Rv2153c,S2
570,Rv2526,S2
571,Rv2541,S2
572,Rv2810c,S2
573,Rv3020c,S2
574,Rv3378c,S2
575,Rv3388,S2
576,Rv3507,S2
577,Rv3511,S2
578,Rv3512,S2
579,Rv3514,S2
580,Rv0612,S2
581,Rv0816c,S2
582,Rv1145,S2
583,Rv1686c,S2
584,Rv1777,S2
585,Rv2646,S2
586,Rv3361c,S2
587,Rv3387,S2
588,Rv3553,S2
589,Rv3559c,S2
590,Rv0032,S2
591,Rv0097,S2
592,Rv0098,S2
593,Rv0110,S2
594,Rv0115,S2
595,Rv0142,S2
596,Rv0192A,S2
597,Rv0193c,S2
598,Rv0217c,S2
599,Rv0218,S2
600,Rv0304c,S2
601,Rv0305c,S2
602,Rv0325,S2
603,Rv0326,S2
604,Rv0355c,S2
605,Rv0393,S2
606,Rv0396,S2
607,Rv0397,S2
608,Rv0416,S2
609,Rv0487,S2
610,Rv0605,S2
611,Rv0744c,S2
612,Rv0755c,S2
613,Rv0764c,S2
614,Rv0804,S2
615,Rv0893c,S2
616,Rv0977,S2
617,Rv0987,S2
618,Rv1028A,S2
619,Rv1036c,S2
620,Rv1058,S2
621,Rv1068c,S2
622,Rv1105,S2
623,Rv1135c,S2
624,Rv1191,S2
625,Rv1203c,S2
626,Rv1468c,S2
627,Rv1503c,S2
628,Rv1509,S2
629,Rv1569,S2
630,Rv1702c,S2
631,Rv1755c,S2
632,Rv1786,S2
633,Rv1817,S2
634,Rv1917c,S2
635,Rv2014,S2
636,Rv2026c,S2
637,Rv2039c,S2
638,Rv2088,S2
639,Rv2126c,S2
640,Rv2236c,S2
641,Rv2267c,S2
642,Rv2277c,S2
643,Rv2279,S2
644,Rv2308,S2
645,Rv2349c,S2
646,Rv2352c,S2
647,Rv2353c,S2
648,Rv2355,S2
649,Rv2365c,S2
650,Rv2423,S2
651,Rv2435c,S2
652,Rv2491,S2
653,Rv2577,S2
654,Rv2649,S2
655,Rv2730,S2
656,Rv2739c,S2
657,Rv2755c,S2
658,Rv2756c,S2
659,Rv2822c,S2
660,Rv2835c,S2
661,Rv2853,S2
662,Rv2886c,S2
663,Rv2894c,S2
664,Rv2974c,S2
665,Rv2975c,S2
666,Rv2998A,S2
667,Rv3019c,S2
668,Rv3064c,S2
669,Rv3090,S2
670,Rv3108,S2
671,Rv3111,S2
672,Rv3113,S2
673,Rv3164c,S2
674,Rv3183,S2
675,Rv3187,S2
676,Rv3324c,S2
677,Rv3343c,S2
678,Rv3350c,S2
679,Rv3357,S2
680,Rv3358,S2
681,Rv3367,S2
682,Rv3421c,S2
683,Rv3533c,S2
684,Rv3561,S2
685,Rv3595c,S2
686,Rv3665c,S2
687,Rv3776,S2
688,Rv3828c,S2
689,Rv3897c,S2
690,Rvnt01,S2
691,Rvnt03,S2
692,Rvnt10,S2
693,Rvnt13,S2
694,Rvnt14,S2
695,Rvnt16,S2
696,Rvnt21,S2
697,Rvnt24,S2
698,Rvnt34,S2
699,Rv0365c,S2
700,Rv0366c,S2
701,Rv0534c,S2
702,Rv0666,S2
703,Rv1003,S2
704,Rv1112,S2
705,Rv1115,S2
706,Rv1258c,S2
707,Rv1276c,S2
708,Rv1413,S2
709,Rv1579c,S2
710,Rv1889c,S2
711,Rv2177c,S2
712,Rv2305,S2
713,Rv2478c,S2
714,Rv2549c,S2
715,Rv2647,S2
716,Rv2914c,S2
717,Rv2966c,S2
718,Rv3196,S2
719,Rv3294c,S2
720,Rv3439c,S2
721,Rv3440c,S2
722,Rv3635,S2
723,Rv3792,S2
724,Rv3860,S2
725,Rv3899c,S2
726,Rv0162c,S2
727,Rv0944,S2
728,Rv0964c,S2
729,Rv1008,S2
730,Rv1087A,S2
731,Rv1588c,S2
732,Rv1716,S2
733,Rv1754c,S2
734,Rv1922,S2
735,Rv2047c,S2
736,Rv2056c,S2
737,Rv2085,S2
738,Rv2113,S2
739,Rv2438A,S2
740,Rv2806,S2
741,Rv2850c,S2
742,Rv2983,S2
743,Rv3027c,S2
744,Rv3072c,S2
745,Rv3106,S2
746,Rv3383c,S2
747,Rv3466,S2
748,Rv3517,S2
749,Rvnt31,S2
750,Rv0226c,S2
751,Rv0359,S2
752,Rv0405,S2
753,Rv0406c,S2
754,Rv0428c,S2
755,Rv0536,S2
756,Rv0890c,S2
757,Rv1399c,S2
758,Rv1568,S2
759,Rv1718,S2
760,Rv1761c,S2
761,Rv1866,S2
762,Rv2048c,S2
763,Rv2307B,S2
764,Rv2403c,S2
765,Rv2671,S2
766,Rv2679,S2
767,Rv2754c,S2
768,Rv2832c,S2
769,Rv3032,S2
770,Rv3122,S2
771,Rv3262,S2
772,Rv3308,S2
773,Rv3375,S2
774,Rv3578,S2
775,Rv3621c,S2
776,Rv3713,S2
777,Rv3834c,S2
778,Rv3902c,S2
779,Rvnt19,S2
780,Rvnt25,S2
781,Rvnt35,S2
782,Rvnt36,S2
783,Rv0550c,S2
784,Rv1651c,S2
785,Rv2741,S2
786,Rv0921,S2
787,Rv0023,S2
788,Rv0427c,S2
789,Rv0541c,S2
790,Rv0695,S2
791,Rv1069c,S2
792,Rv1084,S2
793,Rv1278,S2
794,Rv1427c,S2
795,Rv1457c,S2
796,Rv1570,S2
797,Rv2559c,S2
798,Rv3031,S2
799,Rv3039c,S2
800,Rv3300c,S2
801,Rv3313c,S2
802,Rv3575c,S2
803,Rv3670,S2
804,Rv0024,S2
805,Rv0033,S2
806,Rv0078,S2
807,Rv0151c,S2
808,Rv0152c,S2
809,Rv0163,S2
810,Rv0191,S2
811,Rv0329c,S2
812,Rv0386,S2
813,Rv0399c,S2
814,Rv0482,S2
815,Rv0488,S2
816,Rv0561c,S2
817,Rv0593,S2
818,Rv0604,S2
819,Rv0687,S2
820,Rv0762c,S2
821,Rv0779c,S2
822,Rv0796,S2
823,Rv0878c,S2
824,Rv0904c,S2
825,Rv0917,S2
826,Rv0962c,S2
827,Rv0963c,S2
828,Rv0992c,S2
829,Rv1075c,S2
830,Rv1113,S2
831,Rv1114,S2
832,Rv1116,S2
833,Rv1116A,S2
834,Rv1120c,S2
835,Rv1244,S2
836,Rv1266c,S2
837,Rv1357c,S2
838,Rv1369c,S2
839,Rv1385,S2
840,Rv1406,S2
841,Rv1423,S2
842,Rv1431,S2
843,Rv1514c,S2
844,Rv1548c,S2
845,Rv1556,S2
846,Rv1572c,S2
847,Rv1660,S2
848,Rv1671,S2
849,Rv1722,S2
850,Rv1727,S2
851,Rv1753c,S2
852,Rv1756c,S2
853,Rv1764,S2
854,Rv1918c,S2
855,Rv1961,S2
856,Rv2015c,S2
857,Rv2023A,S2
858,Rv2023c,S2
859,Rv2025c,S2
860,Rv2037c,S2
861,Rv2038c,S2
862,Rv2063,S2
863,Rv2065,S2
864,Rv2095c,S2
865,Rv2106,S2
866,Rv2121c,S2
867,Rv2167c,S2
868,Rv2205c,S2
869,Rv2207,S2
870,Rv2253,S2
871,Rv2268c,S2
872,Rv2274c,S2
873,Rv2307c,S2
874,Rv2340c,S2
875,Rv2408,S2
876,Rv2425c,S2
877,Rv2436,S2
878,Rv2479c,S2
879,Rv2514c,S2
880,Rv2530A,S2
881,Rv2591,S2
882,Rv2615c,S2
883,Rv2621c,S2
884,Rv2635,S2
885,Rv2677c,S2
886,Rv2768c,S2
887,Rv2796c,S2
888,Rv2814c,S2
889,Rv2820c,S2
890,Rv2896c,S2
891,Rv2910c,S2
892,Rv2980,S2
893,Rv3070,S2
894,Rv3079c,S2
895,Rv3097c,S2
896,Rv3159c,S2
897,Rv3185,S2
898,Rv3228,S2
899,Rv3256c,S2
900,Rv3292,S2
901,Rv3293,S2
902,Rv3326,S2
903,Rv3335c,S2
904,Rv3347c,S2
905,Rv3380c,S2
906,Rv3431c,S2
907,Rv3475,S2
908,Rv3500c,S2
909,Rv3501c,S2
910,Rv3555c,S2
911,Rv3558,S2
912,Rv3560c,S2
913,Rv3589,S2
914,Rv3664c,S2
915,Rv3700c,S2
916,Rv3712,S2
917,Rv3770B,S2
918,Rv3812,S2
919,Rv3845,S2
920,Rv3887c,S2
921,Rvnt17,S2
922,Rvnt39,S2
923,Rvnt40,S2
924,Rv0929,S2
925,Rv2528c,S2
926,Rv2803,S2
927,Rv3017c,S2
928,Rv3063,S2
929,Rv3169,S2
930,Rv3188,S2
931,Rv3515c,S2
932,Rv3543c,S2
933,Rv2636,S2
934,Rv0117,S2
935,Rv0551c,S2
936,Rv0908,S2
937,Rv1026,S2
938,Rv1030,S2
939,Rv1125,S2
940,Rv1176c,S2
941,Rv1273c,S2
942,Rv1426c,S2
943,Rv1493,S2
944,Rv1610,S2
945,Rv2017,S2
946,Rv2062c,S2
947,Rv2092c,S2
948,Rv2231c,S2
949,Rv2254c,S2
950,Rv2417c,S2
951,Rv2552c,S2
952,Rv2848c,S2
953,Rv2973c,S2
954,Rv3562,S2
955,Rv3566A,S2
956,Rv3566c,S2
957,Rv3757c,S2
958,Rv0319,S2
959,Rv0894,S2
960,Rv1417,S2
961,Rv1672c,S2
962,Rv1680,S2
963,Rv2086,S2
964,Rv2600,S2
965,Rv2827c,S2
966,Rv3176c,S2
967,Rv3544c,S2
968,Rv0067c,S2
969,Rv0549c,S2
970,Rv2337c,S2
971,Rv2670c,S2
972,Rv0784,S2
973,Rv1587c,S2
974,Rv2618,S2
975,Rv2669,S2
976,Rv2864c,S2
977,Rv3314c,S2
