kegg_pathway,GENE_ID
path:mtv00010,Rv0650
path:mtv00010,Rv0946c
path:mtv00010,Rv2029c
path:mtv00010,Rv3010c
path:mtv00010,Rv1099c
path:mtv00010,Rv0363c
path:mtv00010,Rv1438
path:mtv00010,Rv1436
path:mtv00010,Rv1437
path:mtv00010,Rv0489
path:mtv00010,Rv1023
path:mtv00010,Rv1617
path:mtv00010,Rv2241
path:mtv00010,Rv0843
path:mtv00010,Rv2497c
path:mtv00010,Rv2496c
path:mtv00010,Rv2495c
path:mtv00010,Rv0794c
path:mtv00010,Rv0462
path:mtv00010,Rv3303c
path:mtv00010,Rv2455c
path:mtv00010,Rv2454c
path:mtv00010,Rv0761c
path:mtv00010,Rv1862
path:mtv00010,Rv0162c
path:mtv00010,Rv1530
path:mtv00010,Rv0147
path:mtv00010,Rv0768
path:mtv00010,Rv0223c
path:mtv00010,Rv3293
path:mtv00010,Rv0458
path:mtv00010,Rv3667
path:mtv00010,Rv3068c
path:mtv00010,Rv2702
path:mtv00010,Rv0211
path:mtv00020,Rv0889c
path:mtv00020,Rv0896
path:mtv00020,Rv1131
path:mtv00020,Rv1475c
path:mtv00020,Rv0066c
path:mtv00020,Rv3339c
path:mtv00020,Rv2215
path:mtv00020,Rv0794c
path:mtv00020,Rv0462
path:mtv00020,Rv3303c
path:mtv00020,Rv2455c
path:mtv00020,Rv2454c
path:mtv00020,Rv0952
path:mtv00020,Rv0951
path:mtv00020,Rv0248c
path:mtv00020,Rv3318
path:mtv00020,Rv0247c
path:mtv00020,Rv3319
path:mtv00020,Rv3316
path:mtv00020,Rv3317
path:mtv00020,Rv1552
path:mtv00020,Rv1553
path:mtv00020,Rv1554
path:mtv00020,Rv1555
path:mtv00020,Rv1098c
path:mtv00020,Rv1240
path:mtv00020,Rv2852c
path:mtv00020,Rv2967c
path:mtv00020,Rv0211
path:mtv00020,Rv2241
path:mtv00020,Rv0843
path:mtv00020,Rv2497c
path:mtv00020,Rv2496c
path:mtv00020,Rv2495c
path:mtv00030,Rv0946c
path:mtv00030,Rv1121
path:mtv00030,Rv1447c
path:mtv00030,Rv1445c
path:mtv00030,Rv1122
path:mtv00030,Rv1844c
path:mtv00030,Rv1408
path:mtv00030,Rv1449c
path:mtv00030,Rv1448c
path:mtv00030,Rv2465c
path:mtv00030,Rv0478
path:mtv00030,Rv2436
path:mtv00030,Rv3068c
path:mtv00030,Rv1017c
path:mtv00030,Rv0363c
path:mtv00030,Rv1099c
path:mtv00030,Rv2029c
path:mtv00030,Rv3010c
path:mtv00040,Rv0322
path:mtv00040,Rv0993
path:mtv00040,Rv1408
path:mtv00040,Rv0729
path:mtv00051,Rv3255c
path:mtv00051,Rv3257c
path:mtv00051,Rv3308
path:mtv00051,Rv3264c
path:mtv00051,Rv1508A
path:mtv00051,Rv1511
path:mtv00051,Rv1512
path:mtv00051,Rv0727c
path:mtv00051,Rv2029c
path:mtv00051,Rv3010c
path:mtv00051,Rv1099c
path:mtv00051,Rv0363c
path:mtv00051,Rv1438
path:mtv00051,Rv0112
path:mtv00051,Rv2465c
path:mtv00052,Rv0620
path:mtv00052,Rv0618
path:mtv00052,Rv0619
path:mtv00052,Rv0501
path:mtv00052,Rv3634c
path:mtv00052,Rv0993
path:mtv00052,Rv3068c
path:mtv00052,Rv0650
path:mtv00052,Rv3809c
path:mtv00052,Rv2029c
path:mtv00052,Rv3010c
path:mtv00052,Rv2471
path:mtv00053,Rv0322
path:mtv00053,Rv0147
path:mtv00053,Rv0768
path:mtv00053,Rv0223c
path:mtv00053,Rv3293
path:mtv00061,Rv0904c
path:mtv00061,Rv2501c
path:mtv00061,Rv3285
path:mtv00061,Rv2247
path:mtv00061,Rv0649
path:mtv00061,Rv2243
path:mtv00061,Rv2524c
path:mtv00061,Rv0242c
path:mtv00061,Rv1350
path:mtv00061,Rv3502c
path:mtv00061,Rv3559c
path:mtv00061,Rv0824c
path:mtv00061,Rv1094
path:mtv00061,Rv2187
path:mtv00071,Rv0243
path:mtv00071,Rv0859
path:mtv00071,Rv1135A
path:mtv00071,Rv1074c
path:mtv00071,Rv0914c
path:mtv00071,Rv1323
path:mtv00071,Rv1867
path:mtv00071,Rv3523
path:mtv00071,Rv3546
path:mtv00071,Rv3556c
path:mtv00071,Rv2790c
path:mtv00071,Rv0860
path:mtv00071,Rv0673
path:mtv00071,Rv0675
path:mtv00071,Rv0222
path:mtv00071,Rv0456c
path:mtv00071,Rv0632c
path:mtv00071,Rv1141c
path:mtv00071,Rv1142c
path:mtv00071,Rv1070c
path:mtv00071,Rv1071c
path:mtv00071,Rv0905
path:mtv00071,Rv0971c
path:mtv00071,Rv1472
path:mtv00071,Rv2486
path:mtv00071,Rv1935c
path:mtv00071,Rv2831
path:mtv00071,Rv2679
path:mtv00071,Rv3039c
path:mtv00071,Rv3774
path:mtv00071,Rv3516
path:mtv00071,Rv3550
path:mtv00071,Rv3373
path:mtv00071,Rv3374
path:mtv00071,Rv0975c
path:mtv00071,Rv0131c
path:mtv00071,Rv0154c
path:mtv00071,Rv0231
path:mtv00071,Rv3140
path:mtv00071,Rv0400c
path:mtv00071,Rv2187
path:mtv00071,Rv1345
path:mtv00071,Rv3252c
path:mtv00071,Rv1869c
path:mtv00071,Rv0761c
path:mtv00071,Rv1862
path:mtv00071,Rv0162c
path:mtv00071,Rv1530
path:mtv00071,Rv0147
path:mtv00071,Rv0768
path:mtv00071,Rv0223c
path:mtv00071,Rv3293
path:mtv00072,Rv2504c
path:mtv00072,Rv2503c
path:mtv00072,Rv0243
path:mtv00072,Rv0859
path:mtv00072,Rv1135A
path:mtv00072,Rv1074c
path:mtv00072,Rv0914c
path:mtv00072,Rv1323
path:mtv00072,Rv1867
path:mtv00072,Rv3523
path:mtv00072,Rv3546
path:mtv00072,Rv3556c
path:mtv00100,Rv0764c
path:mtv00121,Rv0927c
path:mtv00130,Rv2949c
path:mtv00130,Rv0558
path:mtv00130,Rv3215
path:mtv00130,Rv0555
path:mtv00130,Rv0553
path:mtv00130,Rv0542c
path:mtv00130,Rv0548c
path:mtv00130,Rv0534c
path:mtv00190,Rv3145
path:mtv00190,Rv3146
path:mtv00190,Rv3147
path:mtv00190,Rv3148
path:mtv00190,Rv3149
path:mtv00190,Rv3150
path:mtv00190,Rv3151
path:mtv00190,Rv3152
path:mtv00190,Rv3153
path:mtv00190,Rv3154
path:mtv00190,Rv3155
path:mtv00190,Rv3156
path:mtv00190,Rv3157
path:mtv00190,Rv3158
path:mtv00190,Rv0392c
path:mtv00190,Rv1812c
path:mtv00190,Rv1854c
path:mtv00190,Rv0248c
path:mtv00190,Rv3318
path:mtv00190,Rv0247c
path:mtv00190,Rv3319
path:mtv00190,Rv3316
path:mtv00190,Rv3317
path:mtv00190,Rv1552
path:mtv00190,Rv1553
path:mtv00190,Rv1554
path:mtv00190,Rv1555
path:mtv00190,Rv2194
path:mtv00190,Rv2195
path:mtv00190,Rv2196
path:mtv00190,Rv1451
path:mtv00190,Rv2193
path:mtv00190,Rv3043c
path:mtv00190,Rv2200c
path:mtv00190,Rv1456c
path:mtv00190,Rv1623c
path:mtv00190,Rv1622c
path:mtv00190,Rv1308
path:mtv00190,Rv1310
path:mtv00190,Rv1309
path:mtv00190,Rv1307
path:mtv00190,Rv1311
path:mtv00190,Rv1304
path:mtv00190,Rv1306
path:mtv00190,Rv1305
path:mtv00190,Rv3628
path:mtv00190,Rv2984
path:mtv00190,Rv3232c
path:mtv00220,Rv1656
path:mtv00220,Rv1658
path:mtv00220,Rv1659
path:mtv00220,Rv1850
path:mtv00220,Rv1849
path:mtv00220,Rv1848
path:mtv00220,Rv1001
path:mtv00220,Rv0788
path:mtv00220,Rv2860c
path:mtv00220,Rv2220
path:mtv00220,Rv2222c
path:mtv00220,Rv1878
path:mtv00220,Rv2476c
path:mtv00220,Rv0337c
path:mtv00220,Rv2747
path:mtv00220,Rv1653
path:mtv00220,Rv0428c
path:mtv00220,Rv1654
path:mtv00220,Rv1652
path:mtv00220,Rv1655
path:mtv00230,Rv3068c
path:mtv00230,Rv1017c
path:mtv00230,Rv0808
path:mtv00230,Rv0772
path:mtv00230,Rv0956
path:mtv00230,Rv0389
path:mtv00230,Rv0803
path:mtv00230,Rv0787A
path:mtv00230,Rv0788
path:mtv00230,Rv0809
path:mtv00230,Rv3276c
path:mtv00230,Rv3275c
path:mtv00230,Rv0780
path:mtv00230,Rv0777
path:mtv00230,Rv0957
path:mtv00230,Rv2584c
path:mtv00230,Rv3307
path:mtv00230,Rv3393
path:mtv00230,Rv3624c
path:mtv00230,Rv1843c
path:mtv00230,Rv3410c
path:mtv00230,Rv3411c
path:mtv00230,Rv2445c
path:mtv00230,Rv1021
path:mtv00230,Rv1341
path:mtv00230,Rv3396c
path:mtv00230,Rv1389
path:mtv00230,Rv1617
path:mtv00230,Rv3051c
path:mtv00230,Rv0570
path:mtv00230,Rv3048c
path:mtv00230,Rv0233
path:mtv00230,Rv1981c
path:mtv00230,Rv2344c
path:mtv00230,Rv0496
path:mtv00230,Rv1026
path:mtv00230,Rv2583c
path:mtv00230,Rv1264
path:mtv00230,Rv1318c
path:mtv00230,Rv1319c
path:mtv00230,Rv1320c
path:mtv00230,Rv1625c
path:mtv00230,Rv3645
path:mtv00230,Rv0357c
path:mtv00230,Rv2202c
path:mtv00230,Rv3313c
path:mtv00230,Rv0733
path:mtv00230,Rv0805
path:mtv00230,Rv2613c
path:mtv00230,Rv1286
path:mtv00230,Rv1285
path:mtv00230,Rv1850
path:mtv00230,Rv1849
path:mtv00230,Rv1848
path:mtv00240,Rv1384
path:mtv00240,Rv1383
path:mtv00240,Rv1380
path:mtv00240,Rv1381
path:mtv00240,Rv2139
path:mtv00240,Rv0382c
path:mtv00240,Rv1385
path:mtv00240,Rv2883c
path:mtv00240,Rv2445c
path:mtv00240,Rv1699
path:mtv00240,Rv1712
path:mtv00240,Rv0321
path:mtv00240,Rv3309c
path:mtv00240,Rv1379
path:mtv00240,Rv3051c
path:mtv00240,Rv0570
path:mtv00240,Rv3048c
path:mtv00240,Rv0233
path:mtv00240,Rv1981c
path:mtv00240,Rv2697c
path:mtv00240,Rv2764c
path:mtv00240,Rv2754c
path:mtv00240,Rv3315c
path:mtv00240,Rv3314c
path:mtv00240,Rv3307
path:mtv00240,Rv3247c
path:mtv00250,Rv1595
path:mtv00250,Rv1538c
path:mtv00250,Rv2201
path:mtv00250,Rv0337c
path:mtv00250,Rv2780
path:mtv00250,Rv1658
path:mtv00250,Rv1659
path:mtv00250,Rv0357c
path:mtv00250,Rv0777
path:mtv00250,Rv1380
path:mtv00250,Rv3432c
path:mtv00250,Rv2589
path:mtv00250,Rv0234c
path:mtv00250,Rv1731
path:mtv00250,Rv3859c
path:mtv00250,Rv3858c
path:mtv00250,Rv2476c
path:mtv00250,Rv1187
path:mtv00250,Rv2860c
path:mtv00250,Rv2220
path:mtv00250,Rv2222c
path:mtv00250,Rv1878
path:mtv00250,Rv1384
path:mtv00250,Rv1383
path:mtv00250,Rv0788
path:mtv00250,Rv3436c
path:mtv00250,Rv0808
path:mtv00260,Rv3709c
path:mtv00260,Rv3708c
path:mtv00260,Rv1294
path:mtv00260,Rv1296
path:mtv00260,Rv1295
path:mtv00260,Rv0070c
path:mtv00260,Rv1093
path:mtv00260,Rv2205c
path:mtv00260,Rv0489
path:mtv00260,Rv0728c
path:mtv00260,Rv2996c
path:mtv00260,Rv0884c
path:mtv00260,Rv3042c
path:mtv00260,Rv3170
path:mtv00260,Rv1832
path:mtv00260,Rv2211c
path:mtv00260,Rv0794c
path:mtv00260,Rv0462
path:mtv00260,Rv3303c
path:mtv00260,Rv1826
path:mtv00260,Rv1905c
path:mtv00260,Rv0436c
path:mtv00260,Rv1077
path:mtv00260,Rv0069c
path:mtv00260,Rv1559
path:mtv00260,Rv1613
path:mtv00260,Rv1612
path:mtv00261,Rv2377c
path:mtv00261,Rv1286
path:mtv00261,Rv1285
path:mtv00261,Rv3709c
path:mtv00261,Rv3708c
path:mtv00261,Rv2753c
path:mtv00261,Rv2773c
path:mtv00270,Rv2335
path:mtv00270,Rv2334
path:mtv00270,Rv3684
path:mtv00270,Rv0075
path:mtv00270,Rv2294
path:mtv00270,Rv1077
path:mtv00270,Rv2458
path:mtv00270,Rv2124c
path:mtv00270,Rv1133c
path:mtv00270,Rv1392
path:mtv00270,Rv2601
path:mtv00270,Rv0091
path:mtv00270,Rv2292c
path:mtv00270,Rv0535
path:mtv00270,Rv3248c
path:mtv00270,Rv3709c
path:mtv00270,Rv3708c
path:mtv00270,Rv1294
path:mtv00270,Rv3341
path:mtv00270,Rv1079
path:mtv00270,Rv3340
path:mtv00270,Rv0391
path:mtv00270,Rv2210c
path:mtv00270,Rv3704c
path:mtv00270,Rv0815c
path:mtv00270,Rv2291
path:mtv00270,Rv3117
path:mtv00270,Rv3283
path:mtv00270,Rv1240
path:mtv00270,Rv0069c
path:mtv00270,Rv0728c
path:mtv00270,Rv2996c
path:mtv00270,Rv0884c
path:mtv00270,Rv0848
path:mtv00280,Rv2210c
path:mtv00280,Rv0794c
path:mtv00280,Rv0462
path:mtv00280,Rv3303c
path:mtv00280,Rv0975c
path:mtv00280,Rv0131c
path:mtv00280,Rv0154c
path:mtv00280,Rv0231
path:mtv00280,Rv3140
path:mtv00280,Rv0673
path:mtv00280,Rv0675
path:mtv00280,Rv0222
path:mtv00280,Rv0456c
path:mtv00280,Rv0632c
path:mtv00280,Rv1141c
path:mtv00280,Rv1142c
path:mtv00280,Rv1070c
path:mtv00280,Rv1071c
path:mtv00280,Rv0905
path:mtv00280,Rv0971c
path:mtv00280,Rv1472
path:mtv00280,Rv2486
path:mtv00280,Rv1935c
path:mtv00280,Rv2831
path:mtv00280,Rv2679
path:mtv00280,Rv3039c
path:mtv00280,Rv3774
path:mtv00280,Rv3516
path:mtv00280,Rv3550
path:mtv00280,Rv3373
path:mtv00280,Rv3374
path:mtv00280,Rv0860
path:mtv00280,Rv2790c
path:mtv00280,Rv0973c
path:mtv00280,Rv3280
path:mtv00280,Rv2501c
path:mtv00280,Rv3285
path:mtv00280,Rv2247
path:mtv00280,Rv1322A
path:mtv00280,Rv1492
path:mtv00280,Rv1493
path:mtv00280,Rv0744Ac
path:mtv00280,Rv0751c
path:mtv00280,Rv0753c
path:mtv00280,Rv0147
path:mtv00280,Rv0768
path:mtv00280,Rv0223c
path:mtv00280,Rv3293
path:mtv00280,Rv2589
path:mtv00280,Rv2502c
path:mtv00280,Rv2504c
path:mtv00280,Rv2503c
path:mtv00280,Rv0243
path:mtv00280,Rv0859
path:mtv00280,Rv1135A
path:mtv00280,Rv1074c
path:mtv00280,Rv0914c
path:mtv00280,Rv1323
path:mtv00280,Rv1867
path:mtv00280,Rv3523
path:mtv00280,Rv3546
path:mtv00280,Rv3556c
path:mtv00281,Rv3224
path:mtv00281,Rv2790c
path:mtv00281,Rv0673
path:mtv00281,Rv0675
path:mtv00281,Rv0222
path:mtv00281,Rv0456c
path:mtv00281,Rv0632c
path:mtv00281,Rv1141c
path:mtv00281,Rv1142c
path:mtv00281,Rv1070c
path:mtv00281,Rv1071c
path:mtv00281,Rv0905
path:mtv00281,Rv0971c
path:mtv00281,Rv1472
path:mtv00281,Rv2486
path:mtv00281,Rv1935c
path:mtv00281,Rv2831
path:mtv00281,Rv2679
path:mtv00281,Rv3039c
path:mtv00281,Rv3774
path:mtv00281,Rv3516
path:mtv00281,Rv3550
path:mtv00281,Rv3373
path:mtv00281,Rv3374
path:mtv00281,Rv0860
path:mtv00290,Rv1559
path:mtv00290,Rv2988c
path:mtv00290,Rv2987c
path:mtv00290,Rv2995c
path:mtv00290,Rv3003c
path:mtv00290,Rv1820
path:mtv00290,Rv3470c
path:mtv00290,Rv3509c
path:mtv00290,Rv3002c
path:mtv00290,Rv3001c
path:mtv00290,Rv0189c
path:mtv00290,Rv2210c
path:mtv00290,Rv0337c
path:mtv00290,Rv3710
path:mtv00300,Rv1294
path:mtv00300,Rv3709c
path:mtv00300,Rv3708c
path:mtv00300,Rv2753c
path:mtv00300,Rv2773c
path:mtv00300,Rv1201c
path:mtv00300,Rv1655
path:mtv00300,Rv0858c
path:mtv00300,Rv1202
path:mtv00300,Rv2726c
path:mtv00300,Rv1293
path:mtv00300,Rv2158c
path:mtv00300,Rv2157c
path:mtv00310,Rv2215
path:mtv00310,Rv0794c
path:mtv00310,Rv0462
path:mtv00310,Rv3303c
path:mtv00310,Rv0400c
path:mtv00310,Rv0673
path:mtv00310,Rv0675
path:mtv00310,Rv0222
path:mtv00310,Rv0456c
path:mtv00310,Rv0632c
path:mtv00310,Rv1141c
path:mtv00310,Rv1142c
path:mtv00310,Rv1070c
path:mtv00310,Rv1071c
path:mtv00310,Rv0905
path:mtv00310,Rv0971c
path:mtv00310,Rv1472
path:mtv00310,Rv2486
path:mtv00310,Rv1935c
path:mtv00310,Rv2831
path:mtv00310,Rv2679
path:mtv00310,Rv3039c
path:mtv00310,Rv3774
path:mtv00310,Rv3516
path:mtv00310,Rv3550
path:mtv00310,Rv3373
path:mtv00310,Rv3374
path:mtv00310,Rv0860
path:mtv00310,Rv0243
path:mtv00310,Rv0859
path:mtv00310,Rv1135A
path:mtv00310,Rv1074c
path:mtv00310,Rv0914c
path:mtv00310,Rv1323
path:mtv00310,Rv1867
path:mtv00310,Rv3523
path:mtv00310,Rv3546
path:mtv00310,Rv3556c
path:mtv00310,Rv2589
path:mtv00310,Rv0234c
path:mtv00310,Rv1731
path:mtv00310,Rv0926c
path:mtv00310,Rv1059
path:mtv00310,Rv0147
path:mtv00310,Rv0768
path:mtv00310,Rv0223c
path:mtv00310,Rv3293
path:mtv00311,Rv1905c
path:mtv00311,Rv2068c
path:mtv00330,Rv2531c
path:mtv00330,Rv2601
path:mtv00330,Rv0147
path:mtv00330,Rv0768
path:mtv00330,Rv0223c
path:mtv00330,Rv3293
path:mtv00330,Rv3170
path:mtv00330,Rv1263
path:mtv00330,Rv2363
path:mtv00330,Rv3175
path:mtv00330,Rv2888c
path:mtv00330,Rv3375
path:mtv00330,Rv2321c
path:mtv00330,Rv2322c
path:mtv00330,Rv0500
path:mtv00330,Rv1188
path:mtv00330,Rv1187
path:mtv00330,Rv2439c
path:mtv00330,Rv2427c
path:mtv00330,Rv0840c
path:mtv00330,Rv0926c
path:mtv00330,Rv1059
path:mtv00330,Rv1905c
path:mtv00332,Rv2439c
path:mtv00332,Rv2427c
path:mtv00340,Rv2121c
path:mtv00340,Rv2122c
path:mtv00340,Rv1606
path:mtv00340,Rv1603
path:mtv00340,Rv1602
path:mtv00340,Rv1605
path:mtv00340,Rv1601
path:mtv00340,Rv1600
path:mtv00340,Rv2231c
path:mtv00340,Rv3772
path:mtv00340,Rv3137
path:mtv00340,Rv1599
path:mtv00340,Rv0147
path:mtv00340,Rv0768
path:mtv00340,Rv0223c
path:mtv00340,Rv3293
path:mtv00340,Rv3170
path:mtv00340,Rv3701c
path:mtv00340,Rv3703c
path:mtv00340,Rv3702c
path:mtv00340,Rv3700c
path:mtv00350,Rv1600
path:mtv00350,Rv2231c
path:mtv00350,Rv3772
path:mtv00350,Rv1703c
path:mtv00350,Rv3170
path:mtv00350,Rv0761c
path:mtv00350,Rv1862
path:mtv00350,Rv0162c
path:mtv00350,Rv1530
path:mtv00350,Rv0234c
path:mtv00350,Rv1731
path:mtv00360,Rv3170
path:mtv00360,Rv0673
path:mtv00360,Rv0675
path:mtv00360,Rv0222
path:mtv00360,Rv0456c
path:mtv00360,Rv0632c
path:mtv00360,Rv1141c
path:mtv00360,Rv1142c
path:mtv00360,Rv1070c
path:mtv00360,Rv1071c
path:mtv00360,Rv0905
path:mtv00360,Rv0971c
path:mtv00360,Rv1472
path:mtv00360,Rv2486
path:mtv00360,Rv1935c
path:mtv00360,Rv2831
path:mtv00360,Rv2679
path:mtv00360,Rv3039c
path:mtv00360,Rv3774
path:mtv00360,Rv3516
path:mtv00360,Rv3550
path:mtv00360,Rv3373
path:mtv00360,Rv3374
path:mtv00360,Rv0468
path:mtv00360,Rv1715
path:mtv00360,Rv1600
path:mtv00360,Rv2231c
path:mtv00360,Rv3772
path:mtv00360,Rv1908c
path:mtv00360,Rv1263
path:mtv00360,Rv2363
path:mtv00360,Rv3175
path:mtv00360,Rv2888c
path:mtv00360,Rv3375
path:mtv00360,Rv1869c
path:mtv00360,Rv3536c
path:mtv00360,Rv3469c
path:mtv00360,Rv3534c
path:mtv00360,Rv3535c
path:mtv00361,Rv2579
path:mtv00361,Rv2296
path:mtv00361,Rv1833c
path:mtv00361,Rv2765
path:mtv00361,Rv2054
path:mtv00362,Rv2790c
path:mtv00362,Rv3536c
path:mtv00362,Rv3469c
path:mtv00362,Rv3534c
path:mtv00362,Rv3535c
path:mtv00362,Rv0771
path:mtv00362,Rv0860
path:mtv00362,Rv0400c
path:mtv00362,Rv0673
path:mtv00362,Rv0675
path:mtv00362,Rv0222
path:mtv00362,Rv0456c
path:mtv00362,Rv0632c
path:mtv00362,Rv1141c
path:mtv00362,Rv1142c
path:mtv00362,Rv1070c
path:mtv00362,Rv1071c
path:mtv00362,Rv0905
path:mtv00362,Rv0971c
path:mtv00362,Rv1472
path:mtv00362,Rv2486
path:mtv00362,Rv1935c
path:mtv00362,Rv2831
path:mtv00362,Rv2679
path:mtv00362,Rv3039c
path:mtv00362,Rv3774
path:mtv00362,Rv3516
path:mtv00362,Rv3550
path:mtv00362,Rv3373
path:mtv00362,Rv3374
path:mtv00362,Rv0468
path:mtv00362,Rv1715
path:mtv00362,Rv0243
path:mtv00362,Rv0859
path:mtv00362,Rv1135A
path:mtv00362,Rv1074c
path:mtv00362,Rv0914c
path:mtv00362,Rv1323
path:mtv00362,Rv1867
path:mtv00362,Rv3523
path:mtv00362,Rv3546
path:mtv00362,Rv3556c
path:mtv00364,Rv2765
path:mtv00364,Rv2054
path:mtv00380,Rv2215
path:mtv00380,Rv0794c
path:mtv00380,Rv0462
path:mtv00380,Rv3303c
path:mtv00380,Rv0400c
path:mtv00380,Rv0673
path:mtv00380,Rv0675
path:mtv00380,Rv0222
path:mtv00380,Rv0456c
path:mtv00380,Rv0632c
path:mtv00380,Rv1141c
path:mtv00380,Rv1142c
path:mtv00380,Rv1070c
path:mtv00380,Rv1071c
path:mtv00380,Rv0905
path:mtv00380,Rv0971c
path:mtv00380,Rv1472
path:mtv00380,Rv2486
path:mtv00380,Rv1935c
path:mtv00380,Rv2831
path:mtv00380,Rv2679
path:mtv00380,Rv3039c
path:mtv00380,Rv3774
path:mtv00380,Rv3516
path:mtv00380,Rv3550
path:mtv00380,Rv3373
path:mtv00380,Rv3374
path:mtv00380,Rv0860
path:mtv00380,Rv0243
path:mtv00380,Rv0859
path:mtv00380,Rv1135A
path:mtv00380,Rv1074c
path:mtv00380,Rv0914c
path:mtv00380,Rv1323
path:mtv00380,Rv1867
path:mtv00380,Rv3523
path:mtv00380,Rv3546
path:mtv00380,Rv3556c
path:mtv00380,Rv3170
path:mtv00380,Rv0147
path:mtv00380,Rv0768
path:mtv00380,Rv0223c
path:mtv00380,Rv3293
path:mtv00380,Rv1263
path:mtv00380,Rv2363
path:mtv00380,Rv3175
path:mtv00380,Rv2888c
path:mtv00380,Rv3375
path:mtv00380,Rv1908c
path:mtv00400,Rv2178c
path:mtv00400,Rv2538c
path:mtv00400,Rv2537c
path:mtv00400,Rv2552c
path:mtv00400,Rv2539c
path:mtv00400,Rv3227
path:mtv00400,Rv2540c
path:mtv00400,Rv1609
path:mtv00400,Rv2192c
path:mtv00400,Rv1603
path:mtv00400,Rv1611
path:mtv00400,Rv1613
path:mtv00400,Rv1612
path:mtv00400,Rv0948c
path:mtv00400,Rv1885c
path:mtv00400,Rv3754
path:mtv00400,Rv3838c
path:mtv00400,Rv1600
path:mtv00400,Rv2231c
path:mtv00400,Rv3772
path:mtv00401,Rv3754
path:mtv00401,Rv1600
path:mtv00401,Rv2231c
path:mtv00401,Rv3772
path:mtv00410,Rv3601c
path:mtv00410,Rv3432c
path:mtv00410,Rv2589
path:mtv00410,Rv2601
path:mtv00410,Rv0147
path:mtv00410,Rv0768
path:mtv00410,Rv0223c
path:mtv00410,Rv3293
path:mtv00410,Rv3602c
path:mtv00410,Rv0673
path:mtv00410,Rv0675
path:mtv00410,Rv0222
path:mtv00410,Rv0456c
path:mtv00410,Rv0632c
path:mtv00410,Rv1141c
path:mtv00410,Rv1142c
path:mtv00410,Rv1070c
path:mtv00410,Rv1071c
path:mtv00410,Rv0905
path:mtv00410,Rv0971c
path:mtv00410,Rv1472
path:mtv00410,Rv2486
path:mtv00410,Rv1935c
path:mtv00410,Rv2831
path:mtv00410,Rv2679
path:mtv00410,Rv3039c
path:mtv00410,Rv3774
path:mtv00410,Rv3516
path:mtv00410,Rv3550
path:mtv00410,Rv3373
path:mtv00410,Rv3374
path:mtv00410,Rv0860
path:mtv00410,Rv0975c
path:mtv00410,Rv0131c
path:mtv00410,Rv0154c
path:mtv00410,Rv0231
path:mtv00410,Rv3140
path:mtv00410,Rv0753c
path:mtv00430,Rv3432c
path:mtv00430,Rv0773c
path:mtv00430,Rv2394
path:mtv00430,Rv2780
path:mtv00430,Rv2476c
path:mtv00430,Rv0408
path:mtv00430,Rv0409
path:mtv00450,Rv1079
path:mtv00450,Rv0075
path:mtv00450,Rv2294
path:mtv00450,Rv2124c
path:mtv00450,Rv1133c
path:mtv00450,Rv1464
path:mtv00450,Rv1471
path:mtv00450,Rv3913
path:mtv00450,Rv1286
path:mtv00450,Rv1285
path:mtv00450,Rv1007c
path:mtv00460,Rv0186
path:mtv00460,Rv0773c
path:mtv00460,Rv2394
path:mtv00460,Rv1538c
path:mtv00460,Rv0070c
path:mtv00460,Rv1093
path:mtv00471,Rv0788
path:mtv00471,Rv1338
path:mtv00471,Rv2152c
path:mtv00471,Rv2155c
path:mtv00472,Rv1905c
path:mtv00472,Rv0926c
path:mtv00472,Rv1059
path:mtv00473,Rv3423c
path:mtv00473,Rv2981c
path:mtv00480,Rv0773c
path:mtv00480,Rv2394
path:mtv00480,Rv0266c
path:mtv00480,Rv0433
path:mtv00480,Rv3704c
path:mtv00480,Rv2213
path:mtv00480,Rv2467
path:mtv00480,Rv0066c
path:mtv00480,Rv3339c
path:mtv00480,Rv1122
path:mtv00480,Rv1844c
path:mtv00480,Rv1121
path:mtv00480,Rv1447c
path:mtv00480,Rv2601
path:mtv00500,Rv2471
path:mtv00500,Rv0993
path:mtv00500,Rv0186
path:mtv00500,Rv0062
path:mtv00500,Rv1089A
path:mtv00500,Rv1090
path:mtv00500,Rv1213
path:mtv00500,Rv3032
path:mtv00500,Rv1326c
path:mtv00500,Rv3031
path:mtv00500,Rv1328
path:mtv00500,Rv0126
path:mtv00500,Rv1781c
path:mtv00500,Rv0127
path:mtv00500,Rv1327c
path:mtv00500,Rv1212c
path:mtv00500,Rv1564c
path:mtv00500,Rv1563c
path:mtv00500,Rv1562c
path:mtv00500,Rv3490
path:mtv00500,Rv3372
path:mtv00500,Rv2006
path:mtv00500,Rv2402
path:mtv00500,Rv3068c
path:mtv00500,Rv0650
path:mtv00500,Rv0946c
path:mtv00514,Rv1002c
path:mtv00515,Rv1002c
path:mtv00520,Rv0237
path:mtv00520,Rv1018c
path:mtv00520,Rv1315
path:mtv00520,Rv0482
path:mtv00520,Rv3441c
path:mtv00520,Rv3332
path:mtv00520,Rv3436c
path:mtv00520,Rv0650
path:mtv00520,Rv2702
path:mtv00520,Rv0946c
path:mtv00520,Rv3068c
path:mtv00520,Rv0993
path:mtv00520,Rv0322
path:mtv00520,Rv0620
path:mtv00520,Rv0618
path:mtv00520,Rv0619
path:mtv00520,Rv0501
path:mtv00520,Rv3634c
path:mtv00520,Rv3809c
path:mtv00520,Rv3257c
path:mtv00520,Rv3308
path:mtv00520,Rv3264c
path:mtv00520,Rv1508A
path:mtv00520,Rv1511
path:mtv00520,Rv0112
path:mtv00520,Rv3255c
path:mtv00520,Rv1512
path:mtv00520,Rv1213
path:mtv00521,Rv0650
path:mtv00521,Rv3068c
path:mtv00521,Rv0046c
path:mtv00521,Rv1604
path:mtv00521,Rv2701c
path:mtv00521,Rv0334
path:mtv00521,Rv3784
path:mtv00521,Rv3464
path:mtv00521,Rv3465
path:mtv00521,Rv3266c
path:mtv00523,Rv0334
path:mtv00523,Rv3784
path:mtv00523,Rv3464
path:mtv00523,Rv3465
path:mtv00523,Rv3266c
path:mtv00523,Rv0536
path:mtv00525,Rv0334
path:mtv00525,Rv3784
path:mtv00525,Rv3464
path:mtv00540,Rv0113
path:mtv00540,Rv0114
path:mtv00540,Rv0115
path:mtv00550,Rv1315
path:mtv00550,Rv0482
path:mtv00550,Rv2152c
path:mtv00550,Rv2155c
path:mtv00550,Rv2158c
path:mtv00550,Rv2981c
path:mtv00550,Rv2157c
path:mtv00550,Rv2136c
path:mtv00550,Rv0308
path:mtv00550,Rv2156c
path:mtv00550,Rv2153c
path:mtv00550,Rv2163c
path:mtv00550,Rv0016c
path:mtv00550,Rv2911
path:mtv00550,Rv3330
path:mtv00550,Rv3627c
path:mtv00550,Rv3712
path:mtv00550,Rv3713
path:mtv00561,Rv2205c
path:mtv00561,Rv0147
path:mtv00561,Rv0768
path:mtv00561,Rv0223c
path:mtv00561,Rv3293
path:mtv00561,Rv3696c
path:mtv00561,Rv1692
path:mtv00561,Rv1551
path:mtv00561,Rv2482c
path:mtv00561,Rv2182c
path:mtv00561,Rv2252
path:mtv00561,Rv3130c
path:mtv00561,Rv3233c
path:mtv00561,Rv1760
path:mtv00561,Rv3734c
path:mtv00561,Rv3088
path:mtv00561,Rv2285
path:mtv00561,Rv0221
path:mtv00561,Rv3740c
path:mtv00561,Rv3087
path:mtv00561,Rv3480c
path:mtv00561,Rv1425
path:mtv00561,Rv0895
path:mtv00561,Rv2484c
path:mtv00561,Rv3371
path:mtv00561,Rv3234c
path:mtv00561,Rv0129c
path:mtv00561,Rv3804c
path:mtv00561,Rv1886c
path:mtv00561,Rv3097c
path:mtv00562,Rv3310
path:mtv00562,Rv1755c
path:mtv00562,Rv2349c
path:mtv00562,Rv2350c
path:mtv00562,Rv2351c
path:mtv00562,Rv1604
path:mtv00562,Rv2701c
path:mtv00562,Rv0046c
path:mtv00562,Rv0753c
path:mtv00562,Rv1438
path:mtv00564,Rv0564c
path:mtv00564,Rv2982c
path:mtv00564,Rv2249c
path:mtv00564,Rv3302c
path:mtv00564,Rv1551
path:mtv00564,Rv2482c
path:mtv00564,Rv2182c
path:mtv00564,Rv2252
path:mtv00564,Rv1755c
path:mtv00564,Rv2349c
path:mtv00564,Rv2350c
path:mtv00564,Rv2351c
path:mtv00564,Rv0317c
path:mtv00564,Rv3842c
path:mtv00564,Rv2289
path:mtv00564,Rv2881c
path:mtv00564,Rv0436c
path:mtv00564,Rv0437c
path:mtv00564,Rv2746c
path:mtv00564,Rv2612c
path:mtv00564,Rv1822
path:mtv00565,Rv2251
path:mtv00565,Rv3107c
path:mtv00565,Rv1755c
path:mtv00565,Rv2349c
path:mtv00565,Rv2350c
path:mtv00565,Rv2351c
path:mtv00571,Rv2610c
path:mtv00571,Rv2188c
path:mtv00571,Rv2611c
path:mtv00571,Rv1159
path:mtv00571,Rv1635c
path:mtv00571,Rv2174
path:mtv00571,Rv1459c
path:mtv00571,Rv2181
path:mtv00571,Rv3793
path:mtv00571,Rv3805c
path:mtv00571,Rv2673
path:mtv00571,Rv0236c
path:mtv00571,Rv0541c
path:mtv00572,Rv1302
path:mtv00572,Rv3265c
path:mtv00572,Rv3782
path:mtv00572,Rv3808c
path:mtv00572,Rv3792
path:mtv00572,Rv3805c
path:mtv00572,Rv2673
path:mtv00572,Rv3794
path:mtv00572,Rv3795
path:mtv00572,Rv0236c
path:mtv00572,Rv0129c
path:mtv00572,Rv3804c
path:mtv00572,Rv1886c
path:mtv00572,Rv3779
path:mtv00592,Rv2790c
path:mtv00600,Rv0669c
path:mtv00600,Rv0663
path:mtv00600,Rv0711
path:mtv00600,Rv3299c
path:mtv00620,Rv3667
path:mtv00620,Rv2455c
path:mtv00620,Rv2454c
path:mtv00620,Rv2241
path:mtv00620,Rv0843
path:mtv00620,Rv2497c
path:mtv00620,Rv2496c
path:mtv00620,Rv2495c
path:mtv00620,Rv0794c
path:mtv00620,Rv0462
path:mtv00620,Rv3303c
path:mtv00620,Rv3535c
path:mtv00620,Rv0409
path:mtv00620,Rv0408
path:mtv00620,Rv1617
path:mtv00620,Rv0904c
path:mtv00620,Rv2501c
path:mtv00620,Rv3285
path:mtv00620,Rv2247
path:mtv00620,Rv2922A
path:mtv00620,Rv0147
path:mtv00620,Rv0768
path:mtv00620,Rv0223c
path:mtv00620,Rv3293
path:mtv00620,Rv0458
path:mtv00620,Rv0694
path:mtv00620,Rv1872c
path:mtv00620,Rv2581c
path:mtv00620,Rv2332
path:mtv00620,Rv2967c
path:mtv00620,Rv1240
path:mtv00620,Rv2852c
path:mtv00620,Rv1098c
path:mtv00620,Rv1552
path:mtv00620,Rv1553
path:mtv00620,Rv1554
path:mtv00620,Rv1555
path:mtv00620,Rv0211
path:mtv00620,Rv1127c
path:mtv00620,Rv1837c
path:mtv00620,Rv0243
path:mtv00620,Rv0859
path:mtv00620,Rv1135A
path:mtv00620,Rv1074c
path:mtv00620,Rv0914c
path:mtv00620,Rv1323
path:mtv00620,Rv1867
path:mtv00620,Rv3523
path:mtv00620,Rv3546
path:mtv00620,Rv3556c
path:mtv00620,Rv3710
path:mtv00621,Rv3536c
path:mtv00621,Rv3469c
path:mtv00621,Rv3534c
path:mtv00621,Rv3535c
path:mtv00622,Rv3536c
path:mtv00622,Rv3469c
path:mtv00622,Rv3534c
path:mtv00622,Rv3535c
path:mtv00623,Rv2765
path:mtv00623,Rv2054
path:mtv00625,Rv2579
path:mtv00625,Rv2296
path:mtv00625,Rv1833c
path:mtv00625,Rv1862
path:mtv00625,Rv0162c
path:mtv00625,Rv1530
path:mtv00625,Rv0761c
path:mtv00625,Rv0147
path:mtv00625,Rv0768
path:mtv00625,Rv0223c
path:mtv00625,Rv3293
path:mtv00626,Rv1862
path:mtv00626,Rv0162c
path:mtv00626,Rv1530
path:mtv00626,Rv0761c
path:mtv00627,Rv3854c
path:mtv00627,Rv1263
path:mtv00627,Rv2363
path:mtv00627,Rv3175
path:mtv00627,Rv2888c
path:mtv00627,Rv3375
path:mtv00627,Rv2922A
path:mtv00627,Rv3078
path:mtv00627,Rv0673
path:mtv00627,Rv0675
path:mtv00627,Rv0222
path:mtv00627,Rv0456c
path:mtv00627,Rv0632c
path:mtv00627,Rv1141c
path:mtv00627,Rv1142c
path:mtv00627,Rv1070c
path:mtv00627,Rv1071c
path:mtv00627,Rv0905
path:mtv00627,Rv0971c
path:mtv00627,Rv1472
path:mtv00627,Rv2486
path:mtv00627,Rv1935c
path:mtv00627,Rv2831
path:mtv00627,Rv2679
path:mtv00627,Rv3039c
path:mtv00627,Rv3774
path:mtv00627,Rv3516
path:mtv00627,Rv3550
path:mtv00627,Rv3373
path:mtv00627,Rv3374
path:mtv00630,Rv0467
path:mtv00630,Rv1915
path:mtv00630,Rv1916
path:mtv00630,Rv3667
path:mtv00630,Rv1837c
path:mtv00630,Rv1240
path:mtv00630,Rv0889c
path:mtv00630,Rv0896
path:mtv00630,Rv1131
path:mtv00630,Rv1475c
path:mtv00630,Rv0243
path:mtv00630,Rv0859
path:mtv00630,Rv1135A
path:mtv00630,Rv1074c
path:mtv00630,Rv0914c
path:mtv00630,Rv1323
path:mtv00630,Rv1867
path:mtv00630,Rv3523
path:mtv00630,Rv3546
path:mtv00630,Rv3556c
path:mtv00630,Rv1322A
path:mtv00630,Rv0973c
path:mtv00630,Rv3280
path:mtv00630,Rv2501c
path:mtv00630,Rv3285
path:mtv00630,Rv2247
path:mtv00630,Rv1492
path:mtv00630,Rv1493
path:mtv00630,Rv1257c
path:mtv00630,Rv2280
path:mtv00630,Rv2860c
path:mtv00630,Rv2220
path:mtv00630,Rv2222c
path:mtv00630,Rv1878
path:mtv00630,Rv0070c
path:mtv00630,Rv1093
path:mtv00630,Rv1832
path:mtv00630,Rv2211c
path:mtv00630,Rv0794c
path:mtv00630,Rv0462
path:mtv00630,Rv3303c
path:mtv00630,Rv1826
path:mtv00630,Rv2205c
path:mtv00630,Rv2964
path:mtv00630,Rv0118c
path:mtv00640,Rv3667
path:mtv00640,Rv0409
path:mtv00640,Rv0408
path:mtv00640,Rv0794c
path:mtv00640,Rv0462
path:mtv00640,Rv3303c
path:mtv00640,Rv0975c
path:mtv00640,Rv0131c
path:mtv00640,Rv0154c
path:mtv00640,Rv0231
path:mtv00640,Rv3140
path:mtv00640,Rv0673
path:mtv00640,Rv0675
path:mtv00640,Rv0222
path:mtv00640,Rv0456c
path:mtv00640,Rv0632c
path:mtv00640,Rv1141c
path:mtv00640,Rv1142c
path:mtv00640,Rv1070c
path:mtv00640,Rv1071c
path:mtv00640,Rv0905
path:mtv00640,Rv0971c
path:mtv00640,Rv1472
path:mtv00640,Rv2486
path:mtv00640,Rv1935c
path:mtv00640,Rv2831
path:mtv00640,Rv2679
path:mtv00640,Rv3039c
path:mtv00640,Rv3774
path:mtv00640,Rv3516
path:mtv00640,Rv3550
path:mtv00640,Rv3373
path:mtv00640,Rv3374
path:mtv00640,Rv0860
path:mtv00640,Rv0904c
path:mtv00640,Rv2501c
path:mtv00640,Rv3285
path:mtv00640,Rv2247
path:mtv00640,Rv2589
path:mtv00640,Rv0973c
path:mtv00640,Rv3280
path:mtv00640,Rv1322A
path:mtv00640,Rv1492
path:mtv00640,Rv1493
path:mtv00640,Rv0951
path:mtv00640,Rv0952
path:mtv00640,Rv0753c
path:mtv00640,Rv1130
path:mtv00640,Rv0243
path:mtv00640,Rv0859
path:mtv00640,Rv1135A
path:mtv00640,Rv1074c
path:mtv00640,Rv0914c
path:mtv00640,Rv1323
path:mtv00640,Rv1867
path:mtv00640,Rv3523
path:mtv00640,Rv3546
path:mtv00640,Rv3556c
path:mtv00643,Rv1263
path:mtv00643,Rv2363
path:mtv00643,Rv3175
path:mtv00643,Rv2888c
path:mtv00643,Rv3375
path:mtv00650,Rv0243
path:mtv00650,Rv0859
path:mtv00650,Rv1135A
path:mtv00650,Rv1074c
path:mtv00650,Rv0914c
path:mtv00650,Rv1323
path:mtv00650,Rv1867
path:mtv00650,Rv3523
path:mtv00650,Rv3546
path:mtv00650,Rv3556c
path:mtv00650,Rv0468
path:mtv00650,Rv1715
path:mtv00650,Rv0860
path:mtv00650,Rv0673
path:mtv00650,Rv0675
path:mtv00650,Rv0222
path:mtv00650,Rv0456c
path:mtv00650,Rv0632c
path:mtv00650,Rv1141c
path:mtv00650,Rv1142c
path:mtv00650,Rv1070c
path:mtv00650,Rv1071c
path:mtv00650,Rv0905
path:mtv00650,Rv0971c
path:mtv00650,Rv1472
path:mtv00650,Rv2486
path:mtv00650,Rv1935c
path:mtv00650,Rv2831
path:mtv00650,Rv2679
path:mtv00650,Rv3039c
path:mtv00650,Rv3774
path:mtv00650,Rv3516
path:mtv00650,Rv3550
path:mtv00650,Rv3373
path:mtv00650,Rv3374
path:mtv00650,Rv3535c
path:mtv00650,Rv0248c
path:mtv00650,Rv3318
path:mtv00650,Rv0247c
path:mtv00650,Rv3319
path:mtv00650,Rv3316
path:mtv00650,Rv3317
path:mtv00650,Rv1552
path:mtv00650,Rv1553
path:mtv00650,Rv1554
path:mtv00650,Rv1555
path:mtv00650,Rv3432c
path:mtv00650,Rv2589
path:mtv00650,Rv0234c
path:mtv00650,Rv1731
path:mtv00650,Rv2455c
path:mtv00650,Rv2454c
path:mtv00650,Rv2504c
path:mtv00650,Rv2503c
path:mtv00650,Rv3003c
path:mtv00650,Rv1820
path:mtv00650,Rv3470c
path:mtv00650,Rv3509c
path:mtv00650,Rv3002c
path:mtv00660,Rv3003c
path:mtv00660,Rv1820
path:mtv00660,Rv3470c
path:mtv00660,Rv3509c
path:mtv00660,Rv3002c
path:mtv00660,Rv0951
path:mtv00660,Rv0952
path:mtv00660,Rv2988c
path:mtv00660,Rv2987c
path:mtv00660,Rv2995c
path:mtv00670,Rv2763c
path:mtv00670,Rv3356c
path:mtv00670,Rv0070c
path:mtv00670,Rv1093
path:mtv00670,Rv0956
path:mtv00670,Rv0389
path:mtv00670,Rv0957
path:mtv00670,Rv1406
path:mtv00670,Rv2211c
path:mtv00670,Rv2124c
path:mtv00670,Rv2764c
path:mtv00670,Rv2754c
path:mtv00670,Rv2964
path:mtv00670,Rv0992c
path:mtv00680,Rv0761c
path:mtv00680,Rv0070c
path:mtv00680,Rv1093
path:mtv00680,Rv1023
path:mtv00680,Rv1240
path:mtv00680,Rv0363c
path:mtv00680,Rv1099c
path:mtv00680,Rv2029c
path:mtv00680,Rv3010c
path:mtv00680,Rv0409
path:mtv00680,Rv0408
path:mtv00680,Rv3667
path:mtv00680,Rv0489
path:mtv00680,Rv0728c
path:mtv00680,Rv2996c
path:mtv00680,Rv0884c
path:mtv00680,Rv3042c
path:mtv00680,Rv1173
path:mtv00680,Rv2983
path:mtv00680,Rv3261
path:mtv00680,Rv3262
path:mtv00730,Rv0423c
path:mtv00730,Rv0422c
path:mtv00730,Rv3025c
path:mtv00730,Rv0415
path:mtv00730,Rv2682c
path:mtv00730,Rv3379c
path:mtv00730,Rv0417
path:mtv00730,Rv0414c
path:mtv00730,Rv2977c
path:mtv00730,Rv3228
path:mtv00730,Rv0733
path:mtv00740,Rv1415
path:mtv00740,Rv1940
path:mtv00740,Rv1409
path:mtv00740,Rv1416
path:mtv00740,Rv1412
path:mtv00740,Rv2786c
path:mtv00740,Rv0306
path:mtv00750,Rv2607
path:mtv00750,Rv0884c
path:mtv00750,Rv1295
path:mtv00750,Rv2606c
path:mtv00750,Rv2604c
path:mtv00760,Rv1595
path:mtv00760,Rv1594
path:mtv00760,Rv1596
path:mtv00760,Rv0573c
path:mtv00760,Rv1330c
path:mtv00760,Rv3307
path:mtv00760,Rv2421c
path:mtv00760,Rv3199c
path:mtv00760,Rv2438c
path:mtv00760,Rv1901
path:mtv00760,Rv3393
path:mtv00760,Rv2043c
path:mtv00760,Rv1695
path:mtv00760,Rv2713
path:mtv00760,Rv0155
path:mtv00760,Rv0156
path:mtv00760,Rv0157
path:mtv00760,Rv0234c
path:mtv00760,Rv1731
path:mtv00770,Rv3003c
path:mtv00770,Rv1820
path:mtv00770,Rv3470c
path:mtv00770,Rv3509c
path:mtv00770,Rv3002c
path:mtv00770,Rv3001c
path:mtv00770,Rv0189c
path:mtv00770,Rv2225
path:mtv00770,Rv2573
path:mtv00770,Rv3602c
path:mtv00770,Rv1092c
path:mtv00770,Rv3600c
path:mtv00770,Rv1391
path:mtv00770,Rv2965c
path:mtv00770,Rv1631
path:mtv00770,Rv2523c
path:mtv00770,Rv2210c
path:mtv00770,Rv3601c
path:mtv00780,Rv0242c
path:mtv00780,Rv1350
path:mtv00780,Rv3502c
path:mtv00780,Rv3559c
path:mtv00780,Rv0032
path:mtv00780,Rv1569
path:mtv00780,Rv1568
path:mtv00780,Rv1570
path:mtv00780,Rv1589
path:mtv00780,Rv3279c
path:mtv00780,Rv1442
path:mtv00785,Rv2218
path:mtv00785,Rv2217
path:mtv00790,Rv3609c
path:mtv00790,Rv3607c
path:mtv00790,Rv3606c
path:mtv00790,Rv1207
path:mtv00790,Rv3608c
path:mtv00790,Rv2763c
path:mtv00790,Rv2447c
path:mtv00790,Rv1415
path:mtv00790,Rv1940
path:mtv00790,Rv0013
path:mtv00790,Rv1005c
path:mtv00790,Rv0812
path:mtv00790,Rv1159A
path:mtv00790,Rv3110
path:mtv00790,Rv0869c
path:mtv00790,Rv3109
path:mtv00790,Rv0864
path:mtv00790,Rv3111
path:mtv00790,Rv3324c
path:mtv00790,Rv0866
path:mtv00790,Rv3119
path:mtv00790,Rv3323c
path:mtv00790,Rv0438c
path:mtv00790,Rv0994
path:mtv00790,Rv0371c
path:mtv00790,Rv0345
path:mtv00790,Rv2453c
path:mtv00860,Rv2992c
path:mtv00860,Rv0509
path:mtv00860,Rv0524
path:mtv00860,Rv0512
path:mtv00860,Rv0510
path:mtv00860,Rv0260c
path:mtv00860,Rv2678c
path:mtv00860,Rv2677c
path:mtv00860,Rv1485
path:mtv00860,Rv0511
path:mtv00860,Rv2847c
path:mtv00860,Rv1451
path:mtv00860,Rv1456c
path:mtv00860,Rv2066
path:mtv00860,Rv2064
path:mtv00860,Rv2071c
path:mtv00860,Rv2070c
path:mtv00860,Rv2072c
path:mtv00860,Rv2065
path:mtv00860,Rv2848c
path:mtv00860,Rv2062c
path:mtv00860,Rv1314c
path:mtv00860,Rv2849c
path:mtv00860,Rv0255c
path:mtv00860,Rv2236c
path:mtv00860,Rv0254c
path:mtv00860,Rv2208
path:mtv00860,Rv2207
path:mtv00860,Rv2228c
path:mtv00860,Rv2850c
path:mtv00860,Rv0958
path:mtv00860,Rv1876
path:mtv00860,Rv3841
path:mtv00860,Rv0846c
path:mtv00900,Rv2682c
path:mtv00900,Rv3379c
path:mtv00900,Rv2870c
path:mtv00900,Rv3582c
path:mtv00900,Rv1011
path:mtv00900,Rv3581c
path:mtv00900,Rv2868c
path:mtv00900,Rv1110
path:mtv00900,Rv3382c
path:mtv00900,Rv0243
path:mtv00900,Rv0859
path:mtv00900,Rv1135A
path:mtv00900,Rv1074c
path:mtv00900,Rv0914c
path:mtv00900,Rv1323
path:mtv00900,Rv1867
path:mtv00900,Rv3523
path:mtv00900,Rv3546
path:mtv00900,Rv3556c
path:mtv00900,Rv1745c
path:mtv00900,Rv2173
path:mtv00900,Rv3383c
path:mtv00900,Rv3398c
path:mtv00900,Rv1086
path:mtv00900,Rv2361c
path:mtv00900,Rv0562
path:mtv00900,Rv0989c
path:mtv00903,Rv0147
path:mtv00903,Rv0768
path:mtv00903,Rv0223c
path:mtv00903,Rv3293
path:mtv00903,Rv3618
path:mtv00903,Rv2740
path:mtv00903,Rv0673
path:mtv00903,Rv0675
path:mtv00903,Rv0222
path:mtv00903,Rv0456c
path:mtv00903,Rv0632c
path:mtv00903,Rv1141c
path:mtv00903,Rv1142c
path:mtv00903,Rv1070c
path:mtv00903,Rv1071c
path:mtv00903,Rv0905
path:mtv00903,Rv0971c
path:mtv00903,Rv1472
path:mtv00903,Rv2486
path:mtv00903,Rv1935c
path:mtv00903,Rv2831
path:mtv00903,Rv2679
path:mtv00903,Rv3039c
path:mtv00903,Rv3774
path:mtv00903,Rv3516
path:mtv00903,Rv3550
path:mtv00903,Rv3373
path:mtv00903,Rv3374
path:mtv00903,Rv0860
path:mtv00906,Rv3397c
path:mtv00910,Rv0261c
path:mtv00910,Rv0267
path:mtv00910,Rv1737c
path:mtv00910,Rv2329c
path:mtv00910,Rv1161
path:mtv00910,Rv1736c
path:mtv00910,Rv1162
path:mtv00910,Rv1164
path:mtv00910,Rv0252
path:mtv00910,Rv0253
path:mtv00910,Rv0021c
path:mtv00910,Rv2781c
path:mtv00910,Rv2476c
path:mtv00910,Rv2860c
path:mtv00910,Rv2220
path:mtv00910,Rv2222c
path:mtv00910,Rv1878
path:mtv00910,Rv3859c
path:mtv00910,Rv3858c
path:mtv00910,Rv1284
path:mtv00910,Rv3588c
path:mtv00910,Rv3273
path:mtv00920,Rv2400c
path:mtv00920,Rv2399c
path:mtv00920,Rv2398c
path:mtv00920,Rv2397c
path:mtv00920,Rv1286
path:mtv00920,Rv1285
path:mtv00920,Rv2131c
path:mtv00920,Rv2392
path:mtv00920,Rv2391
path:mtv00920,Rv0331
path:mtv00920,Rv0815c
path:mtv00920,Rv2291
path:mtv00920,Rv3117
path:mtv00920,Rv3283
path:mtv00920,Rv2335
path:mtv00920,Rv2334
path:mtv00920,Rv3684
path:mtv00920,Rv3341
path:mtv00920,Rv1079
path:mtv00920,Rv0391
path:mtv00920,Rv3238c
path:mtv00930,Rv3252c
path:mtv00930,Rv0673
path:mtv00930,Rv0675
path:mtv00930,Rv0222
path:mtv00930,Rv0456c
path:mtv00930,Rv0632c
path:mtv00930,Rv1141c
path:mtv00930,Rv1142c
path:mtv00930,Rv1070c
path:mtv00930,Rv1071c
path:mtv00930,Rv0905
path:mtv00930,Rv0971c
path:mtv00930,Rv1472
path:mtv00930,Rv2486
path:mtv00930,Rv1935c
path:mtv00930,Rv2831
path:mtv00930,Rv2679
path:mtv00930,Rv3039c
path:mtv00930,Rv3774
path:mtv00930,Rv3516
path:mtv00930,Rv3550
path:mtv00930,Rv3373
path:mtv00930,Rv3374
path:mtv00930,Rv0860
path:mtv00970,Rv6014
path:mtv00970,Rv6039
path:mtv00970,Rv6001
path:mtv00970,Rv6017
path:mtv00970,Rv6030
path:mtv00970,Rv6045
path:mtv00970,Rv6013
path:mtv00970,Rv6027
path:mtv00970,Rv6011
path:mtv00970,Rv6035
path:mtv00970,Rv6038
path:mtv00970,Rv6015
path:mtv00970,Rv6010
path:mtv00970,Rv6037
path:mtv00970,Rv6003
path:mtv00970,Rv6029
path:mtv00970,Rv6034
path:mtv00970,Rv6031
path:mtv00970,Rv6000
path:mtv00970,Rv6022
path:mtv00970,Rv6002
path:mtv00970,Rv6016
path:mtv00970,Rv6021
path:mtv00970,Rv6024
path:mtv00970,Rv6009
path:mtv00970,Rv6032
path:mtv00970,Rv6026
path:mtv00970,Rv6040
path:mtv00970,Rv6006
path:mtv00970,Rv6012
path:mtv00970,Rv6042
path:mtv00970,Rv6028
path:mtv00970,Rv6023
path:mtv00970,Rv6047
path:mtv00970,Rv6044
path:mtv00970,Rv6046
path:mtv00970,Rv6043
path:mtv00970,Rv6008
path:mtv00970,Rv6041
path:mtv00970,Rv6005
path:mtv00970,Rv6007
path:mtv00970,Rv6004
path:mtv00970,Rv6036
path:mtv00970,Rv6033
path:mtv00970,Rv6025
path:mtv00970,Rv2992c
path:mtv00970,Rv3011c
path:mtv00970,Rv3009c
path:mtv00970,Rv3012c
path:mtv00970,Rv2555c
path:mtv00970,Rv2572c
path:mtv00970,Rv2357c
path:mtv00970,Rv2614c
path:mtv00970,Rv3834c
path:mtv00970,Rv3580c
path:mtv00970,Rv1007c
path:mtv00970,Rv1406
path:mtv00970,Rv2448c
path:mtv00970,Rv0041
path:mtv00970,Rv1536
path:mtv00970,Rv1640c
path:mtv00970,Rv3598c
path:mtv00970,Rv1292
path:mtv00970,Rv2845c
path:mtv00970,Rv2580c
path:mtv00970,Rv1649
path:mtv00970,Rv1650
path:mtv00970,Rv1689
path:mtv00970,Rv3336c
path:mtv00983,Rv3624c
path:mtv00983,Rv1843c
path:mtv00983,Rv3410c
path:mtv00983,Rv3411c
path:mtv00983,Rv3396c
path:mtv00983,Rv3315c
path:mtv00983,Rv3314c
path:mtv00983,Rv2445c
path:mtv00983,Rv2697c
path:mtv00983,Rv1908c
path:mtv00983,Rv3566c
path:mtv00984,Rv3409c
path:mtv00984,Rv1106c
path:mtv00984,Rv3545c
path:mtv00984,Rv3518c
path:mtv00984,Rv3537
path:mtv00984,Rv3526
path:mtv00984,Rv3571
path:mtv00984,Rv3570c
path:mtv00984,Rv3567c
path:mtv00984,Rv3568c
path:mtv00984,Rv3569c
path:mtv00984,Rv3561
path:mtv00984,Rv0760c
path:mtv01040,Rv0824c
path:mtv01040,Rv1094
path:mtv01040,Rv3229c
path:mtv01040,Rv3230c
path:mtv01040,Rv1618
path:mtv01040,Rv2605c
path:mtv01053,Rv3215
path:mtv01053,Rv2386c
path:mtv01053,Rv2384
path:mtv01053,Rv2383c
path:mtv01053,Rv2380c
path:mtv01053,Rv2382c
path:mtv01053,Rv2381c
path:mtv01053,Rv2379c
path:mtv01053,Rv2378c
path:mtv02010,Rv2400c
path:mtv02010,Rv2399c
path:mtv02010,Rv2398c
path:mtv02010,Rv2397c
path:mtv02010,Rv1857
path:mtv02010,Rv1858
path:mtv02010,Rv1859
path:mtv02010,Rv3759c
path:mtv02010,Rv3756c
path:mtv02010,Rv3757c
path:mtv02010,Rv3758c
path:mtv02010,Rv2038c
path:mtv02010,Rv1238
path:mtv02010,Rv0169
path:mtv02010,Rv0170
path:mtv02010,Rv0171
path:mtv02010,Rv0173
path:mtv02010,Rv0174
path:mtv02010,Rv0589
path:mtv02010,Rv0590
path:mtv02010,Rv0590A
path:mtv02010,Rv0591
path:mtv02010,Rv0592
path:mtv02010,Rv0593
path:mtv02010,Rv0594
path:mtv02010,Rv1966
path:mtv02010,Rv1967
path:mtv02010,Rv1968
path:mtv02010,Rv1969
path:mtv02010,Rv1970
path:mtv02010,Rv1971
path:mtv02010,Rv3494c
path:mtv02010,Rv3495c
path:mtv02010,Rv3496c
path:mtv02010,Rv3497c
path:mtv02010,Rv3498c
path:mtv02010,Rv3499c
path:mtv02010,Rv0172
path:mtv02010,Rv0167
path:mtv02010,Rv0168
path:mtv02010,Rv0587
path:mtv02010,Rv0588
path:mtv02010,Rv1964
path:mtv02010,Rv1965
path:mtv02010,Rv3500c
path:mtv02010,Rv3501c
path:mtv02010,Rv0655
path:mtv02010,Rv2833c
path:mtv02010,Rv2835c
path:mtv02010,Rv2834c
path:mtv02010,Rv2832c
path:mtv02010,Rv0932c
path:mtv02010,Rv0928
path:mtv02010,Rv0934
path:mtv02010,Rv0929
path:mtv02010,Rv0935
path:mtv02010,Rv0930
path:mtv02010,Rv0936
path:mtv02010,Rv0820
path:mtv02010,Rv0933
path:mtv02010,Rv3666c
path:mtv02010,Rv3665c
path:mtv02010,Rv3664c
path:mtv02010,Rv2325c
path:mtv02010,Rv2326c
path:mtv02010,Rv2686c
path:mtv02010,Rv2687c
path:mtv02010,Rv2688c
path:mtv02010,Rv3101c
path:mtv02010,Rv3102c
path:mtv02010,Rv1348
path:mtv02010,Rv1349
path:mtv02010,Rv0194
path:mtv02010,Rv1620c
path:mtv02010,Rv1621c
path:mtv02010,Rv1819c
path:mtv02020,Rv0490
path:mtv02020,Rv0491
path:mtv02020,Rv0932c
path:mtv02020,Rv0928
path:mtv02020,Rv0934
path:mtv02020,Rv1028c
path:mtv02020,Rv1027c
path:mtv02020,Rv1029
path:mtv02020,Rv1030
path:mtv02020,Rv1031
path:mtv02020,Rv1456c
path:mtv02020,Rv0982
path:mtv02020,Rv0981
path:mtv02020,Rv0983
path:mtv02020,Rv3245c
path:mtv02020,Rv3246c
path:mtv02020,Rv0001
path:mtv02020,Rv0902c
path:mtv02020,Rv0903c
path:mtv02020,Rv1032c
path:mtv02020,Rv1033c
path:mtv02020,Rv0838
path:mtv02020,Rv2498c
path:mtv02020,Rv3075c
path:mtv02020,Rv2332
path:mtv02020,Rv0844c
path:mtv02020,Rv1161
path:mtv02020,Rv1736c
path:mtv02020,Rv1162
path:mtv02020,Rv1164
path:mtv02020,Rv1163
path:mtv02020,Rv1552
path:mtv02020,Rv1553
path:mtv02020,Rv1554
path:mtv02020,Rv1555
path:mtv02020,Rv3132c
path:mtv02020,Rv3133c
path:mtv02020,Rv2918c
path:mtv02020,Rv2919c
path:mtv02020,Rv2860c
path:mtv02020,Rv2220
path:mtv02020,Rv2222c
path:mtv02020,Rv1878
path:mtv02020,Rv0243
path:mtv02020,Rv0859
path:mtv02020,Rv1135A
path:mtv02020,Rv1074c
path:mtv02020,Rv0914c
path:mtv02020,Rv1323
path:mtv02020,Rv1867
path:mtv02020,Rv3523
path:mtv02020,Rv3546
path:mtv02020,Rv3556c
path:mtv02020,Rv2443
path:mtv02020,Rv3676
path:mtv02020,Rv1623c
path:mtv02020,Rv1622c
path:mtv02024,Rv1609
path:mtv02024,Rv2178c
path:mtv02024,Rv1027c
path:mtv02024,Rv3432c
path:mtv02024,Rv2187
path:mtv02024,Rv3676
path:mtv02024,Rv1409
path:mtv02024,Rv3666c
path:mtv02024,Rv3665c
path:mtv02024,Rv3664c
path:mtv02024,Rv1280c
path:mtv02024,Rv2585c
path:mtv02024,Rv1283c
path:mtv02024,Rv1282c
path:mtv02024,Rv1281c
path:mtv02024,Rv3663c
path:mtv02024,Rv3921c
path:mtv02024,Rv0638
path:mtv02024,Rv1440
path:mtv02024,Rv0732
path:mtv02024,Rv2588c
path:mtv02024,Rv1821
path:mtv02024,Rv3240c
path:mtv02024,Rv2921c
path:mtv02024,Rv2916c
path:mtv02024,Rv1755c
path:mtv02024,Rv2349c
path:mtv02024,Rv2350c
path:mtv02024,Rv2351c
path:mtv03010,Rv1630
path:mtv03010,Rv2890c
path:mtv03010,Rv0707
path:mtv03010,Rv3458c
path:mtv03010,Rv0721
path:mtv03010,Rv0053
path:mtv03010,Rv0683
path:mtv03010,Rv0718
path:mtv03010,Rv3442c
path:mtv03010,Rv0700
path:mtv03010,Rv3459c
path:mtv03010,Rv0682
path:mtv03010,Rv3460c
path:mtv03010,Rv0717
path:mtv03010,Rv2056c
path:mtv03010,Rv2785c
path:mtv03010,Rv2909c
path:mtv03010,Rv0710
path:mtv03010,Rv0055
path:mtv03010,Rv2055c
path:mtv03010,Rv0705
path:mtv03010,Rv2412
path:mtv03010,Rv0641
path:mtv03010,Rv0704
path:mtv03010,Rv0701
path:mtv03010,Rv0702
path:mtv03010,Rv0716
path:mtv03010,Rv0719
path:mtv03010,Rv0652
path:mtv03010,Rv0056
path:mtv03010,Rv0651
path:mtv03010,Rv0640
path:mtv03010,Rv3443c
path:mtv03010,Rv0714
path:mtv03010,Rv0723
path:mtv03010,Rv0708
path:mtv03010,Rv3456c
path:mtv03010,Rv0720
path:mtv03010,Rv2904c
path:mtv03010,Rv1643
path:mtv03010,Rv2442c
path:mtv03010,Rv0706
path:mtv03010,Rv0703
path:mtv03010,Rv0715
path:mtv03010,Rv1015c
path:mtv03010,Rv2441c
path:mtv03010,Rv0105c
path:mtv03010,Rv2058c
path:mtv03010,Rv2975A
path:mtv03010,Rv0709
path:mtv03010,Rv0722
path:mtv03010,Rv1298
path:mtv03010,Rv0979A
path:mtv03010,Rv0634B
path:mtv03010,Rv2057c
path:mtv03010,Rv3924c
path:mtv03010,Rv1642
path:mtv03010,Rv3461c
path:mtv03010,Rv6018
path:mtv03010,Rv6019
path:mtv03010,Rv6020
path:mtv03018,Rv2444c
path:mtv03018,Rv1023
path:mtv03018,Rv2783c
path:mtv03018,Rv1253
path:mtv03018,Rv1297
path:mtv03018,Rv2752c
path:mtv03018,Rv0350
path:mtv03018,Rv0440
path:mtv03018,Rv3417c
path:mtv03018,Rv2984
path:mtv03018,Rv3232c
path:mtv03018,Rv3907c
path:mtv03020,Rv3457c
path:mtv03020,Rv0667
path:mtv03020,Rv0668
path:mtv03020,Rv1390
path:mtv03030,Rv2191
path:mtv03030,Rv3711c
path:mtv03030,Rv1547
path:mtv03030,Rv3721c
path:mtv03030,Rv3644c
path:mtv03030,Rv2413c
path:mtv03030,Rv0002
path:mtv03030,Rv0058
path:mtv03030,Rv2343c
path:mtv03030,Rv0054
path:mtv03030,Rv2478c
path:mtv03030,Rv2228c
path:mtv03030,Rv2902c
path:mtv03030,Rv1629
path:mtv03030,Rv3014c
path:mtv03030,Rv3062
path:mtv03050,Rv2115c
path:mtv03050,Rv2109c
path:mtv03050,Rv2110c
path:mtv03060,Rv0732
path:mtv03060,Rv0638
path:mtv03060,Rv1440
path:mtv03060,Rv2587c
path:mtv03060,Rv2586c
path:mtv03060,Rv2588c
path:mtv03060,Rv3921c
path:mtv03060,Rv1821
path:mtv03060,Rv3240c
path:mtv03060,Rv2916c
path:mtv03060,Rv2921c
path:mtv03060,Rv2094c
path:mtv03060,Rv1224
path:mtv03060,Rv2093c
path:mtv03060,Rv2903c
path:mtv03060,Rv1539
path:mtv03070,Rv2587c
path:mtv03070,Rv2586c
path:mtv03070,Rv0638
path:mtv03070,Rv1440
path:mtv03070,Rv0732
path:mtv03070,Rv2588c
path:mtv03070,Rv3921c
path:mtv03070,Rv1821
path:mtv03070,Rv3240c
path:mtv03070,Rv2921c
path:mtv03070,Rv2916c
path:mtv03070,Rv2094c
path:mtv03070,Rv1224
path:mtv03070,Rv2093c
path:mtv03410,Rv0944
path:mtv03410,Rv2924c
path:mtv03410,Rv2464c
path:mtv03410,Rv3297
path:mtv03410,Rv3674c
path:mtv03410,Rv1317c
path:mtv03410,Rv1210
path:mtv03410,Rv1259
path:mtv03410,Rv2976c
path:mtv03410,Rv3589
path:mtv03410,Rv1688
path:mtv03410,Rv0427c
path:mtv03410,Rv0670
path:mtv03410,Rv1629
path:mtv03410,Rv3014c
path:mtv03410,Rv3062
path:mtv03420,Rv1020
path:mtv03420,Rv1638
path:mtv03420,Rv1633
path:mtv03420,Rv1420
path:mtv03420,Rv0949
path:mtv03420,Rv3198c
path:mtv03420,Rv3201c
path:mtv03420,Rv1629
path:mtv03420,Rv3014c
path:mtv03420,Rv0861c
path:mtv03420,Rv3062
path:mtv03430,Rv0949
path:mtv03430,Rv3198c
path:mtv03430,Rv3201c
path:mtv03430,Rv1108c
path:mtv03430,Rv1107c
path:mtv03430,Rv0054
path:mtv03430,Rv2478c
path:mtv03430,Rv1547
path:mtv03430,Rv0002
path:mtv03430,Rv3721c
path:mtv03430,Rv2413c
path:mtv03430,Rv3644c
path:mtv03430,Rv2191
path:mtv03430,Rv3711c
path:mtv03430,Rv3014c
path:mtv03430,Rv3062
path:mtv03440,Rv0054
path:mtv03440,Rv2478c
path:mtv03440,Rv0003
path:mtv03440,Rv2362c
path:mtv03440,Rv3715c
path:mtv03440,Rv2737c
path:mtv03440,Rv1629
path:mtv03440,Rv2593c
path:mtv03440,Rv2592c
path:mtv03440,Rv2594c
path:mtv03440,Rv2973c
path:mtv03440,Rv0630c
path:mtv03440,Rv0631c
path:mtv03440,Rv0629c
path:mtv03440,Rv1547
path:mtv03440,Rv0002
path:mtv03440,Rv3721c
path:mtv03440,Rv2413c
path:mtv03440,Rv3644c
path:mtv03440,Rv2191
path:mtv03440,Rv3711c
path:mtv03440,Rv1402
path:mtv03450,Rv0937c
path:mtv03450,Rv0938
path:mtv04122,Rv3025c
path:mtv04122,Rv0815c
path:mtv04122,Rv2291
path:mtv04122,Rv3117
path:mtv04122,Rv3283
path:mtv04122,Rv3024c
path:mtv04122,Rv0866
path:mtv04122,Rv0869c
path:mtv04122,Rv3109
path:mtv04122,Rv3112
path:mtv04122,Rv1335
path:mtv04122,Rv0868c
path:mtv04122,Rv3119
path:mtv04122,Rv3323c
path:mtv04122,Rv3206c
path:mtv04122,Rv3116
path:mtv04122,Rv0864
path:mtv04122,Rv3111
path:mtv04122,Rv3324c
path:mtv04122,Rv0416
path:mtv04122,Rv1336
path:mtv04122,Rv1334
path:mtv05152,Rv3818
path:mtv05152,Rv3763
path:mtv05152,Rv1411c
path:mtv05152,Rv1270c
path:mtv05152,Rv0932c
path:mtv05152,Rv0928
path:mtv05152,Rv0934
path:mtv05152,Rv0350
path:mtv05152,Rv0440
path:mtv05152,Rv3417c
path:mtv05152,Rv3875
path:mtv05152,Rv3310
path:mtv05152,Rv0410c
